Movie_ID,Title,Release_Year,Genre,Secondary_Genre,Duration_Min,Director,Budget_USD_Millions,Revenue_USD_Millions,IMDb_Rating,Metascore,Votes
MOV1001,Lost Protocol,2000,Crime,Thriller,133,Martin Scorsese,6.43,4.12,8.9,82.0,3377629
MOV1002,Future Legacy,2013,Crime,Romance,131,Guillermo del Toro,20.61,70.49,9.2,70.0,5265605
MOV1003,Lost Signal,2008,Sci-Fi,Drama,117,Greta Gerwig,99.26,112.66,7.4,75.0,249398
MOV1004,Shadow of Journey,1993,Adventure,Crime,137,Steven Spielberg,89.24,122.49,9.3,79.0,7177161
MOV1005,Dark Vengeance,2015,Horror,Drama,144,Ava DuVernay,11.61,26.22,6.9,72.0,112858
MOV1006,Future Dream,2021,Animation,Comedy,141,Ridley Scott,64.29,157.48,8.0,81.0,1008472
MOV1007,Golden Legacy,2022,Adventure,Romance,104,Martin Scorsese,350.0,1428.63,9.0,91.0,5004388
MOV1008,Eternal Vengeance,1992,Crime,Sci-Fi,135,Steven Spielberg,23.95,97.53,8.5,85.0,1753638
MOV1009,Golden Kingdom,1998,Horror,Horror,119,Christopher Nolan,9.48,24.64,8.2,81.0,1083994
MOV1010,Silent Horizon,1997,Romance,Drama,150,Guillermo del Toro,11.98,19.28,8.4,87.0,1767767
MOV1011,Rising Echo,2022,Action,Romance,113,Indie Director,72.33,235.32,7.5,77.0,831602
MOV1012,Cosmic Horizon,1995,Thriller,Drama,108,Martin Scorsese,69.13,120.82,8.4,86.0,2456317
MOV1013,Rising Dream,1993,Sci-Fi,Animation,103,James Cameron,32.68,77.86,8.1,78.0,1795823
MOV1014,Cosmic Dream,2002,Comedy,Adventure,119,Christopher Nolan,48.24,136.22,9.3,99.0,3565351
MOV1015,Silent Dream,1991,Horror,Sci-Fi,124,Christopher Nolan,5.32,32.67,9.7,99.0,8923422
MOV1016,Lost Legacy,1994,Drama,Adventure,125,Ridley Scott,21.29,22.45,8.4,93.0,1190841
MOV1017,Cosmic Journey,2016,Romance,Thriller,122,Guillermo del Toro,42.39,149.18,8.1,77.0,1070761
MOV1018,Eternal Protocol,2021,Animation,Drama,128,Martin Scorsese,46.36,121.61,8.8,76.0,1733902
MOV1019,Cosmic Kingdom,2010,Thriller,Thriller,111,Denis Villeneuve,42.33,152.8,9.5,96.0,3697114
MOV1020,Rising City,1997,Drama,Action,98,Indie Director,11.88,83.94,7.4,74.0,651400
MOV1021,Rising Legacy,1997,Animation,Drama,96,Martin Scorsese,140.48,108.59,9.7,88.0,10898257
MOV1022,Lost Vengeance,1992,Comedy,Romance,135,Quentin Tarantino,6.88,15.5,8.9,86.0,3206631
MOV1023,Shadow of Horizon,1992,Crime,Sci-Fi,124,Christopher Nolan,81.57,168.7,8.7,85.0,2088955
MOV1024,Dark Kingdom,2011,Adventure,Thriller,78,Greta Gerwig,28.19,44.72,8.9,75.0,1550887
MOV1025,Future Protocol,1995,Sci-Fi,Drama,137,Christopher Nolan,253.96,903.06,9.8,93.0,13666712
MOV1026,Eternal Echo,1991,Action,Action,153,Christopher Nolan,52.81,98.16,9.1,95.0,1164175
MOV1027,Golden Signal,2012,Animation,Adventure,101,Ava DuVernay,133.26,365.04,7.6,94.0,575269
MOV1028,Dark Echo,1991,Thriller,Romance,122,Indie Director,22.3,29.7,6.6,81.0,362471
MOV1029,Eternal Signal,2006,Horror,Animation,106,Indie Director,40.45,22.63,5.9,57.0,142989
MOV1030,Lost City,2024,Crime,Drama,128,James Cameron,10.42,58.08,8.3,80.0,1201171
MOV1031,Eternal Legacy,2023,Horror,Animation,92,Denis Villeneuve,7.95,16.83,7.9,66.0,1367486
MOV1032,Future Signal,2012,Thriller,Comedy,114,Steven Spielberg,35.57,45.92,8.3,73.0,1579972
MOV1033,Cosmic City,2019,Horror,Sci-Fi,135,Indie Director,6.28,0.05,6.2,61.0,192718
MOV1034,The Last City,1997,Animation,Drama,140,Steven Spielberg,26.81,105.76,8.6,83.0,3075429
MOV1035,Future Horizon,2011,Romance,Crime,124,Indie Director,76.96,103.97,8.0,70.0,564738
MOV1036,Future Vengeance,1994,Horror,Action,108,James Cameron,61.25,128.74,8.8,90.0,4592120
MOV1037,Silent Signal,2002,Adventure,Thriller,83,Christopher Nolan,54.56,69.4,9.1,81.0,1702682
MOV1038,Cosmic Vengeance,2018,Comedy,Crime,100,Steven Spielberg,94.87,427.76,8.7,,2020740
MOV1039,Eternal Horizon,2020,Action,Comedy,106,Guillermo del Toro,91.58,220.21,7.7,84.0,566028
MOV1040,Lost Journey,2005,Animation,Sci-Fi,101,Denis Villeneuve,36.44,33.36,8.1,85.0,931782
MOV1041,Shadow of Vengeance,2019,Drama,Adventure,116,Steven Spielberg,41.36,190.64,8.2,76.0,494543
MOV1042,Golden Dream,2005,Thriller,Romance,108,James Cameron,53.4,243.49,9.7,84.0,7342995
MOV1043,The Last Dream,2001,Crime,Animation,118,Quentin Tarantino,185.85,250.66,8.7,80.0,1485014
MOV1044,The Last Legacy,2006,Animation,Comedy,139,Steven Spielberg,35.79,119.04,9.2,89.0,7091478
MOV1045,Rising Journey,2005,Romance,Thriller,107,Denis Villeneuve,32.87,62.68,7.1,77.0,153935
MOV1046,Rising Signal,2001,Crime,Romance,87,Indie Director,7.14,14.43,5.8,62.0,131828
MOV1047,The Last Protocol,1997,Adventure,Adventure,101,Ridley Scott,17.67,0.05,9.6,99.0,6313910
MOV1048,Dark Legacy,2009,Thriller,Thriller,127,Indie Director,5.18,13.1,6.6,65.0,247577
MOV1049,Dark Journey,1992,Crime,Action,129,Ridley Scott,306.01,1097.21,7.3,76.0,909949
MOV1050,Shadow of Echo,2005,Horror,Animation,123,Guillermo del Toro,29.31,101.41,8.6,87.0,2182533
MOV1051,Cosmic Legacy,2019,Animation,Crime,141,Martin Scorsese,159.52,412.53,9.1,93.0,2164033
MOV1052,Golden Protocol,2012,Comedy,Drama,111,Martin Scorsese,29.95,105.22,9.1,84.0,1785170
MOV1053,The Last Horizon,2017,Thriller,Comedy,156,Steven Spielberg,21.05,38.02,8.8,86.0,3154155
MOV1054,Dark City,1994,Sci-Fi,Drama,131,Greta Gerwig,24.68,40.27,7.9,81.0,1318549
MOV1055,Golden Vengeance,2009,Adventure,Romance,75,Quentin Tarantino,40.18,181.34,8.1,95.0,900267
MOV1056,Rising Vengeance,1990,Action,Drama,151,James Cameron,56.87,47.26,8.1,91.0,885378
MOV1057,Cosmic Protocol,2019,Thriller,Crime,100,Quentin Tarantino,68.53,126.09,9.0,95.0,1323380
MOV1058,Rising Protocol,2010,Romance,Horror,94,Ridley Scott,24.39,37.11,8.9,84.0,3881576
MOV1059,Lost Kingdom,2009,Animation,Romance,125,Steven Spielberg,13.07,77.2,7.4,73.0,389308
MOV1060,The Last Kingdom,1995,Horror,Animation,80,Indie Director,5.27,5.66,7.4,69.0,245090
MOV1061,Shadow of Kingdom,2011,Action,Thriller,101,Denis Villeneuve,16.88,77.59,7.9,71.0,877178
MOV1062,Golden Journey,2007,Action,Animation,146,James Cameron,63.13,128.4,7.1,65.0,532304
MOV1063,Silent Protocol,1997,Adventure,Drama,126,Quentin Tarantino,289.12,705.87,8.2,80.0,813135
MOV1064,Golden Horizon,2021,Crime,Sci-Fi,131,Denis Villeneuve,45.58,61.2,9.0,86.0,4181705
MOV1065,Cosmic Echo,2022,Romance,Romance,102,James Cameron,45.47,186.05,7.5,81.0,724784
MOV1066,Shadow of Protocol,2005,Crime,Thriller,84,Quentin Tarantino,30.12,0.05,7.7,88.0,557882
MOV1067,Dark Dream,2001,Horror,Adventure,129,Guillermo del Toro,11.73,68.23,8.6,74.0,2592087
MOV1068,Future Journey,2023,Action,Action,134,Ridley Scott,17.62,0.05,7.7,74.0,1328088
MOV1069,Dark Horizon,2003,Romance,Animation,133,Christopher Nolan,57.17,97.35,8.4,93.0,2669566
MOV1070,Silent Legacy,2022,Romance,Animation,119,James Cameron,43.21,90.11,9.4,99.0,4628367
MOV1071,Shadow of Dream,2012,Drama,Romance,96,Ridley Scott,10.52,15.09,9.0,74.0,5339106
MOV1072,The Last Vengeance,1991,Animation,Sci-Fi,164,Ava DuVernay,76.8,87.35,7.7,53.0,719775
MOV1073,Eternal Kingdom,2010,Action,Drama,125,Greta Gerwig,78.5,386.59,7.8,77.0,1063859
MOV1074,Golden Echo,1991,Action,Drama,112,Steven Spielberg,112.92,261.87,8.8,73.0,4242994
MOV1075,Silent Echo,2016,Romance,Romance,112,Ava DuVernay,78.06,267.56,7.6,77.0,793522
MOV1076,Shadow of City,1998,Crime,Animation,118,Denis Villeneuve,39.68,145.0,7.9,72.0,1198575
MOV1077,Silent Vengeance,1990,Action,Thriller,136,James Cameron,,334.24,8.9,94.0,2165925
MOV1078,Lost Horizon,2000,Romance,Action,119,Steven Spielberg,6.29,16.62,7.9,60.0,1129722
MOV1079,Cosmic Signal,1992,Action,Romance,132,Steven Spielberg,12.15,72.29,8.1,97.0,1454056
MOV1080,Future Kingdom,2012,Romance,Thriller,118,Ava DuVernay,10.19,25.69,8.0,67.0,1725637
MOV1081,Eternal City,2015,Drama,Thriller,113,Ava DuVernay,5.99,34.93,8.1,71.0,1119465
MOV1082,Dark Protocol,1993,Animation,Adventure,128,Christopher Nolan,141.01,117.77,8.9,89.0,1637372
MOV1083,Lost Echo,2007,Romance,Crime,127,Quentin Tarantino,37.12,122.53,9.2,99.0,7113134
MOV1084,Dark Signal,1995,Action,Horror,112,James Cameron,21.09,43.51,7.6,92.0,415126
MOV1085,Silent Journey,2024,Horror,Action,100,Ridley Scott,32.13,148.15,9.8,91.0,11237971
MOV1086,Shadow of Signal,2011,Animation,Comedy,122,Martin Scorsese,21.82,103.32,8.8,88.0,4477943
MOV1087,The Last Signal,2004,Drama,Sci-Fi,117,Indie Director,15.75,18.53,6.9,71.0,172163
MOV1088,Rising Horizon,2011,Romance,Horror,104,James Cameron,12.16,55.62,7.4,77.0,747314
MOV1089,Shadow of Legacy,2001,Horror,Adventure,98,James Cameron,11.99,27.65,8.2,83.0,1276076
MOV1090,Golden City,2007,Romance,Action,123,James Cameron,12.35,28.54,9.3,89.0,6410225
MOV1091,Eternal Dream,2024,Crime,Drama,126,Steven Spielberg,31.85,23.97,9.1,88.0,4339599
MOV1092,Rising Kingdom,2019,Action,Horror,108,Denis Villeneuve,62.56,218.36,9.0,80.0,2672913
MOV1093,Silent City,2013,Thriller,Drama,103,Steven Spielberg,198.96,231.27,8.4,72.0,2837720
MOV1094,The Last Journey,2019,Adventure,Sci-Fi,98,Denis Villeneuve,11.04,58.12,8.0,73.0,1942539
MOV1095,Lost Dream,2003,Comedy,Drama,123,Ava DuVernay,10.37,34.88,8.3,84.0,824144
MOV1096,The Last Echo,1995,Crime,Sci-Fi,99,Martin Scorsese,7.17,29.3,9.7,99.0,11850031
MOV1097,Silent Kingdom,1992,Horror,Action,160,Steven Spielberg,19.75,100.71,8.7,86.0,1882686
MOV1098,Future Echo,2005,Crime,Animation,107,Denis Villeneuve,7.24,0.05,8.1,76.0,1181755
MOV1099,Future City,1996,Sci-Fi,Sci-Fi,75,Steven Spielberg,222.27,723.59,8.1,76.0,1322967
MOV1100,Eternal Journey,2003,Romance,Thriller,114,Greta Gerwig,22.93,92.15,7.5,81.0,876837
MOV1101,Project 101,1998,Romance,Comedy,114,Steven Spielberg,23.72,123.86,8.3,93.0,549901
MOV1102,Project 102,2004,Comedy,Comedy,137,Martin Scorsese,,67.8,9.3,86.0,5841147
MOV1103,Project 103,2010,Comedy,Romance,121,Martin Scorsese,11.56,39.41,9.0,97.0,4831980
MOV1104,Project 104,2024,Sci-Fi,Comedy,98,Denis Villeneuve,31.43,144.91,8.6,90.0,3046325
MOV1105,Project 105,1991,Action,Romance,109,Denis Villeneuve,47.23,136.82,9.8,99.0,3527569
MOV1106,Project 106,2016,Adventure,Comedy,122,Ava DuVernay,99.52,201.19,8.4,80.0,701390
MOV1107,Project 107,1991,Thriller,Sci-Fi,75,Martin Scorsese,15.61,65.52,8.1,74.0,2103196
MOV1108,Project 108,2024,Thriller,Thriller,142,Martin Scorsese,10.57,18.87,9.8,90.0,14375195
MOV1109,Project 109,2007,Drama,Animation,98,Christopher Nolan,110.31,247.53,9.6,96.0,2401980
MOV1110,Project 110,2003,Drama,Drama,143,James Cameron,5.67,54.54,8.1,82.0,432169
MOV1111,Project 111,2009,Action,Adventure,123,Guillermo del Toro,183.53,416.97,7.5,73.0,260638
MOV1112,Project 112,2007,Drama,Comedy,128,Steven Spielberg,51.54,253.85,9.1,91.0,1142142
MOV1113,Project 113,1999,Drama,Animation,138,Quentin Tarantino,15.58,31.41,9.2,97.0,1838554
MOV1114,Project 114,2014,Sci-Fi,Animation,126,Ava DuVernay,22.49,47.17,7.6,76.0,214478
MOV1115,Project 115,1991,Sci-Fi,Sci-Fi,128,James Cameron,23.89,46.44,8.7,88.0,3099497
MOV1116,Project 116,2014,Drama,Action,112,Guillermo del Toro,40.86,39.32,7.7,,791013
MOV1117,Project 117,2022,Crime,Action,122,Christopher Nolan,46.18,177.18,8.2,74.0,1038803
MOV1118,Project 118,2020,Animation,Comedy,103,Quentin Tarantino,157.67,518.68,9.3,84.0,3099418
MOV1119,Project 119,2003,Animation,Adventure,108,Denis Villeneuve,282.23,1164.17,8.3,86.0,2518835
MOV1120,Project 120,1990,Action,Comedy,154,Martin Scorsese,134.52,155.07,8.3,76.0,1982694
MOV1121,Project 121,2005,Thriller,Comedy,99,Greta Gerwig,12.62,51.93,7.2,72.0,208409
MOV1122,Project 122,1992,Comedy,Romance,118,Ava DuVernay,14.76,43.18,8.8,78.0,2136126
MOV1123,Project 123,2024,Action,Thriller,117,Ridley Scott,208.1,545.85,8.1,63.0,1213605
MOV1124,Project 124,1995,Drama,Thriller,109,Indie Director,12.05,31.41,6.8,65.0,331822
MOV1125,Project 125,2014,Sci-Fi,Adventure,125,Martin Scorsese,14.03,24.96,8.3,79.0,2138896
MOV1126,Project 126,2002,Romance,Romance,127,Greta Gerwig,35.37,79.45,7.8,81.0,608215
MOV1127,Project 127,2023,Crime,Animation,96,Guillermo del Toro,25.6,68.11,7.1,55.0,279480
MOV1128,Project 128,1997,Horror,Romance,117,Denis Villeneuve,42.89,128.42,9.1,86.0,3624389
MOV1129,Project 129,2010,Sci-Fi,Comedy,93,Quentin Tarantino,131.07,86.92,9.4,83.0,3098231
MOV1130,Project 130,2023,Animation,Action,131,Guillermo del Toro,14.48,64.87,8.1,71.0,1491683
MOV1131,Project 131,1993,Sci-Fi,Horror,119,Indie Director,350.0,592.66,6.8,62.0,340411
MOV1132,Project 132,2014,Crime,Adventure,117,Martin Scorsese,16.97,58.36,8.5,,2967163
MOV1133,Project 133,2004,Comedy,Animation,128,Martin Scorsese,19.4,20.43,7.9,86.0,747681
MOV1134,Project 134,1993,Drama,Sci-Fi,109,Quentin Tarantino,20.44,0.05,9.1,89.0,3395702
MOV1135,Project 135,2001,Romance,Horror,133,Ridley Scott,6.31,10.58,7.6,64.0,272739
MOV1136,Project 136,2021,Animation,Horror,96,Greta Gerwig,73.62,322.34,9.0,81.0,2779495
MOV1137,Project 137,2021,Animation,Romance,143,Guillermo del Toro,,78.04,8.4,96.0,2198699
MOV1138,Project 138,2017,Adventure,Drama,104,Denis Villeneuve,58.81,48.67,7.8,72.0,997767
MOV1139,Project 139,2002,Thriller,Horror,81,Martin Scorsese,24.43,71.94,8.1,72.0,956445
MOV1140,Project 140,2020,Comedy,Comedy,108,Guillermo del Toro,56.87,147.68,8.0,90.0,1145424
MOV1141,Project 141,2003,Animation,Crime,106,Ridley Scott,167.54,438.25,8.4,85.0,1178685
MOV1142,Project 142,2009,Thriller,Action,108,Guillermo del Toro,12.49,43.88,8.6,80.0,783456
MOV1143,Project 143,2007,Animation,Action,120,Quentin Tarantino,50.66,160.76,8.5,93.0,3106552
MOV1144,Project 144,2018,Drama,Crime,137,Indie Director,19.02,0.05,5.7,59.0,41454
MOV1145,Project 145,1995,Thriller,Thriller,111,Denis Villeneuve,12.39,30.2,9.5,99.0,3268335
MOV1146,Project 146,2021,Crime,Comedy,101,Christopher Nolan,69.07,271.0,8.7,90.0,3660199
MOV1147,Project 147,2018,Adventure,Sci-Fi,92,Quentin Tarantino,133.98,285.83,9.3,93.0,3205474
MOV1148,Project 148,1991,Drama,Horror,106,Guillermo del Toro,11.34,34.49,7.3,55.0,432742
MOV1149,Project 149,2012,Crime,Thriller,77,Christopher Nolan,23.27,42.23,9.2,94.0,3609788
MOV1150,Project 150,2008,Romance,Comedy,100,Martin Scorsese,7.8,33.48,7.8,80.0,1530961
MOV1151,Project 151,2020,Comedy,Romance,140,Christopher Nolan,39.63,26.07,9.4,99.0,8461992
MOV1152,Project 152,1994,Comedy,Action,99,Ridley Scott,9.53,39.22,7.9,84.0,488795
MOV1153,Project 153,2008,Horror,Thriller,128,Steven Spielberg,68.96,37.68,9.8,97.0,5704698
MOV1154,Project 154,2023,Horror,Adventure,90,Ridley Scott,27.76,99.09,7.5,75.0,1073387
MOV1155,Project 155,1999,Thriller,Horror,150,Quentin Tarantino,27.26,118.97,9.5,99.0,3457372
MOV1156,Project 156,2014,Comedy,Horror,152,Steven Spielberg,35.24,87.57,8.2,79.0,2033529
MOV1157,Project 157,1991,Thriller,Sci-Fi,127,Quentin Tarantino,114.03,444.95,9.8,91.0,10268020
MOV1158,Project 158,2000,Horror,Drama,155,Indie Director,17.11,13.93,6.6,61.0,145610
MOV1159,Project 159,2020,Romance,Adventure,122,Indie Director,9.79,17.06,7.4,69.0,788880
MOV1160,Project 160,2004,Animation,Horror,130,Ava DuVernay,52.59,191.42,8.0,87.0,1586477
MOV1161,Project 161,1998,Crime,Animation,140,Denis Villeneuve,79.1,40.52,9.5,99.0,8976425
MOV1162,Project 162,2012,Sci-Fi,Adventure,119,Indie Director,129.01,93.45,6.7,72.0,267203
MOV1163,Project 163,2008,Thriller,Horror,84,James Cameron,52.34,267.44,7.7,80.0,832124
MOV1164,Project 164,1998,Romance,Crime,131,Martin Scorsese,55.4,118.84,9.3,81.0,7112330
MOV1165,Project 165,2024,Crime,Adventure,106,Martin Scorsese,94.76,331.97,8.9,78.0,2470489
MOV1166,Project 166,2010,Comedy,Comedy,107,Ava DuVernay,93.31,95.15,8.3,83.0,1087479
MOV1167,Project 167,1998,Animation,Adventure,121,Guillermo del Toro,14.97,94.35,7.8,74.0,1570257
MOV1168,Project 168,2017,Crime,Sci-Fi,126,Greta Gerwig,36.42,40.01,9.4,92.0,8976409
MOV1169,Project 169,1996,Adventure,Romance,118,Quentin Tarantino,146.65,329.06,9.6,95.0,5170205
MOV1170,Project 170,2005,Horror,Romance,128,James Cameron,26.22,53.91,7.3,78.0,882092
MOV1171,Project 171,2005,Crime,Romance,101,James Cameron,42.33,80.76,8.4,70.0,1671661
MOV1172,Project 172,2022,Sci-Fi,Comedy,114,Ridley Scott,26.9,86.05,9.0,98.0,5148369
MOV1173,Project 173,1993,Romance,Thriller,132,Ridley Scott,44.92,109.1,8.6,70.0,1828272
MOV1174,Project 174,1993,Animation,Romance,150,Greta Gerwig,132.34,146.08,8.6,84.0,2833744
MOV1175,Project 175,2006,Drama,Action,158,Guillermo del Toro,,39.15,8.5,99.0,724557
MOV1176,Project 176,2018,Crime,Comedy,124,Ava DuVernay,29.93,80.79,6.8,68.0,125403
MOV1177,Project 177,2024,Action,Thriller,132,Christopher Nolan,26.02,57.13,9.0,79.0,5063449
MOV1178,Project 178,1996,Sci-Fi,Action,155,Ridley Scott,54.4,161.72,8.5,91.0,2011197
MOV1179,Project 179,2016,Sci-Fi,Action,102,Guillermo del Toro,7.19,56.21,7.3,67.0,715026
MOV1180,Project 180,2017,Action,Action,128,Denis Villeneuve,61.25,188.04,8.3,71.0,733486
MOV1181,Project 181,2011,Adventure,Animation,130,Martin Scorsese,88.81,72.95,7.9,84.0,485760
MOV1182,Project 182,2003,Drama,Sci-Fi,144,Martin Scorsese,33.99,108.09,8.5,87.0,2533939
MOV1183,Project 183,1996,Horror,Sci-Fi,92,Guillermo del Toro,21.34,90.13,8.0,74.0,1225644
MOV1184,Project 184,2011,Romance,Comedy,96,Greta Gerwig,50.24,150.81,8.1,92.0,2130870
MOV1185,Project 185,1994,Animation,Action,115,Ava DuVernay,29.27,65.13,7.6,80.0,784274
MOV1186,Project 186,1991,Romance,Crime,123,Indie Director,8.21,43.25,6.3,59.0,297235
MOV1187,Project 187,2016,Drama,Adventure,137,James Cameron,62.22,140.48,8.6,82.0,1849367
MOV1188,Project 188,2010,Romance,Thriller,125,Greta Gerwig,9.26,13.12,8.0,77.0,1685153
MOV1189,Project 189,2004,Action,Sci-Fi,112,Guillermo del Toro,350.0,631.12,8.4,76.0,2158306
MOV1190,Project 190,2010,Sci-Fi,Romance,123,Ava DuVernay,226.83,770.9,7.5,71.0,421992
MOV1191,Project 191,1999,Romance,Comedy,121,Ava DuVernay,22.37,68.54,7.7,63.0,1279889
MOV1192,Project 192,2012,Thriller,Thriller,150,Quentin Tarantino,184.36,224.91,8.6,77.0,2815243
MOV1193,Project 193,1994,Crime,Comedy,118,Steven Spielberg,9.1,0.05,8.7,92.0,1401638
MOV1194,Project 194,1990,Drama,Crime,107,Martin Scorsese,15.83,17.65,8.4,90.0,842196
MOV1195,Project 195,2002,Adventure,Animation,124,Guillermo del Toro,111.76,129.44,8.2,65.0,772965
MOV1196,Project 196,2010,Thriller,Animation,119,Indie Director,24.39,35.02,7.6,80.0,528862
MOV1197,Project 197,2015,Action,Action,84,James Cameron,294.99,392.44,8.9,86.0,1328444
MOV1198,Project 198,2010,Comedy,Animation,115,Steven Spielberg,7.38,12.24,8.8,85.0,3156240
MOV1199,Project 199,2007,Action,Comedy,113,Denis Villeneuve,92.69,226.31,7.7,70.0,1188739
MOV1200,Project 200,2021,Adventure,Romance,104,Ridley Scott,98.84,295.25,8.1,86.0,1535040
MOV1201,Project 201,2006,Adventure,Action,136,Quentin Tarantino,116.05,366.83,9.5,81.0,1938171
MOV1202,Project 202,2024,Thriller,Horror,99,Ridley Scott,18.29,76.89,7.1,60.0,686049
MOV1203,Project 203,2000,Crime,Thriller,124,Steven Spielberg,23.14,136.89,7.7,77.0,538734
MOV1204,Project 204,2010,Drama,Crime,112,Steven Spielberg,60.68,208.48,8.8,99.0,3244862
MOV1205,Project 205,2015,Horror,Action,117,Ridley Scott,8.25,43.54,7.0,74.0,148867
MOV1206,Project 206,1993,Sci-Fi,Comedy,123,James Cameron,215.44,703.25,9.8,99.0,7184540
MOV1207,Project 207,2023,Thriller,Thriller,89,James Cameron,42.22,139.39,8.7,91.0,2297111
MOV1208,Project 208,2007,Adventure,Romance,119,Christopher Nolan,155.81,531.52,9.2,95.0,5076814
MOV1209,Project 209,2024,Comedy,Drama,161,Indie Director,48.76,197.34,7.2,79.0,679876
MOV1210,Project 210,2018,Animation,Crime,84,Denis Villeneuve,28.26,38.08,7.6,67.0,660611
MOV1211,Project 211,2018,Adventure,Comedy,114,James Cameron,,86.19,6.4,51.0,65393
MOV1212,Project 212,2010,Crime,Crime,137,Indie Director,85.91,163.41,8.5,89.0,3040764
MOV1213,Project 213,2002,Crime,Sci-Fi,121,Denis Villeneuve,27.63,100.46,7.8,72.0,540494
MOV1214,Project 214,2006,Adventure,Drama,129,Denis Villeneuve,350.0,1338.27,8.8,96.0,3776173
MOV1215,Project 215,1998,Crime,Thriller,75,Steven Spielberg,29.07,84.35,9.1,96.0,5483026
MOV1216,Project 216,1990,Thriller,Animation,127,Denis Villeneuve,11.93,68.68,8.3,81.0,2356785
MOV1217,Project 217,1991,Adventure,Comedy,100,Quentin Tarantino,56.8,149.08,8.0,85.0,1937319
MOV1218,Project 218,2018,Adventure,Crime,121,Ridley Scott,323.19,256.89,8.6,82.0,3305345
MOV1219,Project 219,2022,Drama,Thriller,114,Christopher Nolan,16.56,43.71,7.9,73.0,716048
MOV1220,Project 220,1999,Sci-Fi,Animation,161,Guillermo del Toro,248.08,285.6,8.8,89.0,1732988
MOV1221,Project 221,2010,Comedy,Romance,126,Greta Gerwig,79.58,235.8,9.0,94.0,3225393
MOV1222,Project 222,2017,Crime,Romance,113,Christopher Nolan,22.24,26.87,9.7,87.0,6423267
MOV1223,Project 223,2000,Drama,Crime,85,Quentin Tarantino,7.61,56.63,8.7,90.0,1328101
MOV1224,Project 224,2023,Horror,Action,117,Christopher Nolan,24.34,37.61,7.9,79.0,1282102
MOV1225,Project 225,1997,Horror,Sci-Fi,131,Denis Villeneuve,10.6,49.18,8.4,91.0,3027288
MOV1226,Project 226,2011,Romance,Action,113,Steven Spielberg,43.19,31.43,7.5,76.0,1109279
MOV1227,Project 227,1997,Thriller,Sci-Fi,105,Greta Gerwig,31.31,127.58,8.8,97.0,3157829
MOV1228,Project 228,2004,Thriller,Comedy,104,James Cameron,34.88,176.29,8.2,81.0,1618909
MOV1229,Project 229,2006,Action,Horror,126,Steven Spielberg,170.51,275.61,7.3,73.0,156443
MOV1230,Project 230,2012,Comedy,Crime,130,Denis Villeneuve,21.86,61.46,7.4,73.0,471709
MOV1231,Project 231,2013,Adventure,Adventure,142,Denis Villeneuve,66.47,53.14,8.2,94.0,2015873
MOV1232,Project 232,2008,Crime,Crime,95,Greta Gerwig,23.88,4.89,8.4,87.0,1102370
MOV1233,Project 233,1994,Comedy,Drama,126,Greta Gerwig,21.02,96.37,7.7,74.0,606482
MOV1234,Project 234,2021,Romance,Animation,113,Martin Scorsese,23.66,69.51,8.4,83.0,2165047
MOV1235,Project 235,1990,Action,Drama,113,Ava DuVernay,186.99,246.37,7.0,60.0,471495
MOV1236,Project 236,2012,Drama,Romance,123,Ava DuVernay,,92.27,7.4,75.0,272149
MOV1237,Project 237,1997,Comedy,Sci-Fi,123,Indie Director,31.0,61.46,7.4,79.0,767066
MOV1238,Project 238,2002,Drama,Animation,126,Steven Spielberg,38.33,25.49,8.5,97.0,3325501
MOV1239,Project 239,1997,Horror,Romance,94,James Cameron,9.71,48.17,8.3,79.0,1085176
MOV1240,Project 240,2012,Crime,Animation,100,Christopher Nolan,18.0,42.05,7.8,70.0,856648
MOV1241,Project 241,1990,Romance,Action,145,Denis Villeneuve,72.73,249.56,9.0,99.0,1421037
MOV1242,Project 242,2013,Adventure,Romance,111,Denis Villeneuve,140.0,634.2,9.6,99.0,2809977
MOV1243,Project 243,2024,Crime,Action,121,Martin Scorsese,39.43,59.92,7.6,75.0,1079179
MOV1244,Project 244,2013,Sci-Fi,Action,136,Steven Spielberg,130.2,564.23,8.3,84.0,853921
MOV1245,Project 245,2006,Thriller,Animation,124,Steven Spielberg,6.34,0.05,7.8,84.0,639738
MOV1246,Project 246,1994,Romance,Thriller,126,Ridley Scott,29.07,68.43,7.9,70.0,1355939
MOV1247,Project 247,2009,Comedy,Drama,133,Indie Director,29.93,49.1,6.6,65.0,411003
MOV1248,Project 248,2010,Crime,Romance,75,Greta Gerwig,36.56,107.63,8.6,74.0,1144841
MOV1249,Project 249,2020,Animation,Adventure,105,James Cameron,49.54,0.05,9.2,97.0,3999099
MOV1250,Project 250,2000,Thriller,Thriller,124,Greta Gerwig,8.82,65.5,8.7,89.0,2655540
MOV1251,Project 251,2004,Thriller,Drama,143,James Cameron,14.67,61.38,8.0,81.0,1112500
MOV1252,Project 252,2008,Animation,Romance,116,Quentin Tarantino,306.07,999.8,9.7,99.0,6435808
MOV1253,Project 253,1996,Action,Sci-Fi,98,Guillermo del Toro,62.8,136.53,9.1,93.0,3271107
MOV1254,Project 254,2017,Action,Drama,99,Indie Director,74.15,103.13,6.7,59.0,106011
MOV1255,Project 255,1994,Animation,Adventure,133,Ava DuVernay,10.41,59.38,8.8,90.0,1481611
MOV1256,Project 256,1994,Sci-Fi,Crime,111,Indie Director,9.59,107.33,7.3,64.0,859349
MOV1257,Project 257,2019,Horror,Comedy,115,Ava DuVernay,23.94,66.64,7.6,63.0,633609
MOV1258,Project 258,2021,Animation,Action,127,James Cameron,82.24,120.38,7.9,83.0,809024
MOV1259,Project 259,1997,Horror,Comedy,75,Ava DuVernay,15.66,62.46,7.4,72.0,930107
MOV1260,Project 260,1999,Crime,Thriller,155,Greta Gerwig,16.14,55.36,7.4,77.0,611270
MOV1261,Project 261,2021,Sci-Fi,Crime,100,Indie Director,168.86,109.8,7.9,80.0,895771
MOV1262,Project 262,2017,Romance,Action,120,Denis Villeneuve,9.61,0.05,8.6,89.0,2312129
MOV1263,Project 263,2006,Horror,Romance,81,Greta Gerwig,8.16,73.62,7.2,70.0,730067
MOV1264,Project 264,2020,Thriller,Thriller,107,James Cameron,32.79,57.97,7.6,82.0,897533
MOV1265,Project 265,1997,Crime,Adventure,140,Steven Spielberg,18.49,106.48,8.6,84.0,3828827
MOV1266,Project 266,2014,Thriller,Animation,77,Greta Gerwig,17.79,110.56,7.7,77.0,262802
MOV1267,Project 267,1998,Sci-Fi,Romance,138,Ava DuVernay,129.36,535.17,7.2,80.0,332593
MOV1268,Project 268,1991,Horror,Drama,110,Martin Scorsese,20.79,37.04,9.3,89.0,3390415
MOV1269,Project 269,2004,Drama,Animation,125,Ridley Scott,57.21,154.25,8.3,,1860628
MOV1270,Project 270,1992,Sci-Fi,Thriller,128,Denis Villeneuve,69.89,144.78,8.9,81.0,3286050
MOV1271,Project 271,1993,Sci-Fi,Drama,124,Ava DuVernay,14.11,0.05,6.3,58.0,234816
MOV1272,Project 272,2003,Drama,Adventure,98,Martin Scorsese,14.59,50.22,8.1,69.0,1058015
MOV1273,Project 273,2014,Crime,Comedy,108,James Cameron,161.49,175.7,9.7,95.0,3828326
MOV1274,Project 274,1999,Horror,Drama,86,Quentin Tarantino,18.6,49.91,9.1,86.0,4194660
MOV1275,Project 275,2010,Horror,Comedy,125,Martin Scorsese,23.55,48.53,9.7,96.0,4866479
MOV1276,Project 276,2001,Thriller,Action,149,Guillermo del Toro,5.33,13.77,7.4,70.0,294619
MOV1277,Project 277,2016,Sci-Fi,Sci-Fi,79,Quentin Tarantino,92.63,146.13,8.9,85.0,933965
MOV1278,Project 278,1991,Sci-Fi,Horror,100,Indie Director,9.59,56.61,7.2,57.0,354740
MOV1279,Project 279,2002,Adventure,Romance,111,Christopher Nolan,93.43,124.58,9.0,80.0,3129164
MOV1280,Project 280,2021,Romance,Horror,118,Denis Villeneuve,68.39,96.32,9.2,95.0,7219905
MOV1281,Project 281,2020,Sci-Fi,Action,133,Ava DuVernay,,1036.98,7.9,74.0,1675829
MOV1282,Project 282,2005,Comedy,Drama,112,Indie Director,32.22,57.33,7.6,62.0,1008408
MOV1283,Project 283,2021,Romance,Action,109,Indie Director,20.32,37.14,6.5,72.0,320428
MOV1284,Project 284,2021,Comedy,Horror,137,Christopher Nolan,106.53,283.71,8.6,88.0,3476437
MOV1285,Project 285,2023,Horror,Horror,128,Greta Gerwig,21.79,39.19,6.9,76.0,207755
MOV1286,Project 286,2000,Romance,Romance,126,James Cameron,6.68,5.7,7.9,,826055
MOV1287,Project 287,1999,Sci-Fi,Animation,117,Denis Villeneuve,80.22,277.53,8.1,63.0,836969
MOV1288,Project 288,2004,Drama,Crime,135,Steven Spielberg,13.24,54.05,8.1,79.0,536587
MOV1289,Project 289,2006,Thriller,Action,102,Indie Director,33.55,113.88,8.1,81.0,1169805
MOV1290,Project 290,2007,Comedy,Sci-Fi,99,Quentin Tarantino,26.27,51.28,8.3,86.0,1041451
MOV1291,Project 291,1998,Romance,Crime,130,Indie Director,26.82,38.45,6.7,63.0,162689
MOV1292,Project 292,2014,Sci-Fi,Action,82,Steven Spielberg,57.95,213.53,8.4,84.0,938405
MOV1293,Project 293,2003,Romance,Adventure,117,Indie Director,9.49,31.49,7.2,67.0,411774
MOV1294,Project 294,2014,Sci-Fi,Thriller,109,Christopher Nolan,89.07,106.13,8.6,96.0,3683041
MOV1295,Project 295,2011,Sci-Fi,Thriller,87,Martin Scorsese,217.78,399.7,9.2,88.0,2130086
MOV1296,Project 296,2019,Sci-Fi,Horror,96,Martin Scorsese,135.88,414.27,9.4,99.0,5383212
MOV1297,Project 297,2009,Adventure,Thriller,113,James Cameron,48.37,168.08,8.1,77.0,2028803
MOV1298,Project 298,2010,Thriller,Comedy,136,Christopher Nolan,128.37,281.82,9.8,88.0,3922635
MOV1299,Project 299,2021,Drama,Sci-Fi,102,Ridley Scott,77.98,126.73,9.0,87.0,3392080
MOV1300,Project 300,2010,Drama,Thriller,139,Indie Director,12.05,44.44,7.9,68.0,1553763
MOV1301,Project 301,2024,Romance,Drama,116,Denis Villeneuve,6.01,4.36,9.1,99.0,4372713
MOV1302,Project 302,2021,Romance,Comedy,141,Quentin Tarantino,38.8,75.16,7.8,83.0,1131767
MOV1303,Project 303,2019,Sci-Fi,Crime,103,Martin Scorsese,215.96,312.3,8.2,94.0,1122305
MOV1304,Project 304,2001,Adventure,Comedy,114,Martin Scorsese,350.0,954.49,8.6,86.0,3594679
MOV1305,Project 305,2007,Sci-Fi,Action,122,Steven Spielberg,269.69,1053.84,8.9,90.0,1972578
MOV1306,Project 306,2010,Adventure,Horror,111,Steven Spielberg,101.35,315.53,8.8,87.0,4478914
MOV1307,Project 307,2002,Sci-Fi,Romance,134,Ava DuVernay,95.62,321.05,7.9,76.0,1013070
MOV1308,Project 308,2010,Comedy,Romance,75,Greta Gerwig,5.99,52.78,7.5,84.0,675329
MOV1309,Project 309,1997,Comedy,Adventure,163,Ridley Scott,14.91,59.44,8.2,76.0,439702
MOV1310,Project 310,1996,Horror,Sci-Fi,132,Steven Spielberg,14.23,23.0,9.8,99.0,13419180
MOV1311,Project 311,2012,Sci-Fi,Action,112,Steven Spielberg,123.83,57.37,9.0,80.0,5603678
MOV1312,Project 312,2021,Thriller,Romance,104,Denis Villeneuve,41.66,38.49,7.6,92.0,250140
MOV1313,Project 313,2000,Horror,Horror,98,Ava DuVernay,25.36,81.08,8.3,74.0,2133682
MOV1314,Project 314,2011,Romance,Crime,128,Steven Spielberg,13.2,37.24,9.1,86.0,6565730
MOV1315,Project 315,2011,Crime,Romance,135,Quentin Tarantino,38.29,50.52,8.9,82.0,2330346
MOV1316,Project 316,2014,Sci-Fi,Drama,112,Denis Villeneuve,16.07,92.97,8.5,83.0,2818711
MOV1317,Project 317,2011,Comedy,Comedy,137,Greta Gerwig,23.69,109.62,8.9,95.0,3740491
MOV1318,Project 318,2017,Crime,Romance,97,Christopher Nolan,60.48,296.33,9.8,99.0,12882992
MOV1319,Project 319,2018,Adventure,Action,93,Denis Villeneuve,129.13,448.33,9.8,99.0,7733470
MOV1320,Project 320,2002,Crime,Thriller,151,Christopher Nolan,,158.0,9.8,99.0,4294486
MOV1321,Project 321,2007,Thriller,Thriller,127,Martin Scorsese,19.65,65.41,9.6,95.0,3118280
MOV1322,Project 322,1991,Sci-Fi,Crime,143,Ava DuVernay,87.74,143.7,8.3,75.0,1867394
MOV1323,Project 323,2018,Drama,Thriller,98,Greta Gerwig,16.99,84.08,7.7,73.0,702628
MOV1324,Project 324,2010,Crime,Crime,97,Ava DuVernay,28.24,46.88,6.5,61.0,312641
MOV1325,Project 325,2004,Drama,Action,108,Greta Gerwig,63.34,261.59,7.3,57.0,157675
MOV1326,Project 326,2016,Adventure,Sci-Fi,99,Ava DuVernay,126.03,255.04,8.4,87.0,2083888
MOV1327,Project 327,2020,Horror,Thriller,129,Denis Villeneuve,37.11,119.14,8.3,83.0,1500791
MOV1328,Project 328,2004,Drama,Adventure,100,Ava DuVernay,11.83,77.94,7.4,78.0,661214
MOV1329,Project 329,2012,Horror,Horror,92,Guillermo del Toro,36.0,52.79,7.1,55.0,388013
MOV1330,Project 330,2013,Comedy,Comedy,118,Greta Gerwig,7.16,6.77,8.4,93.0,2459044
MOV1331,Project 331,2002,Sci-Fi,Thriller,89,Indie Director,268.35,766.15,8.0,72.0,350602
MOV1332,Project 332,2011,Crime,Crime,79,Christopher Nolan,20.96,106.37,9.6,99.0,4359161
MOV1333,Project 333,2022,Comedy,Action,118,Greta Gerwig,18.22,31.69,7.8,67.0,660276
MOV1334,Project 334,1992,Comedy,Thriller,80,Martin Scorsese,30.12,143.92,8.5,91.0,2658844
MOV1335,Project 335,2008,Animation,Romance,131,Quentin Tarantino,287.5,525.77,9.8,97.0,6020188
MOV1336,Project 336,2012,Action,Thriller,87,Guillermo del Toro,10.39,21.73,9.5,83.0,2451769
MOV1337,Project 337,2018,Thriller,Crime,75,James Cameron,24.54,125.4,7.3,74.0,526029
MOV1338,Project 338,2019,Horror,Drama,109,Indie Director,34.13,15.99,5.8,59.0,176534
MOV1339,Project 339,2014,Animation,Drama,118,Greta Gerwig,55.43,176.84,7.1,69.0,347521
MOV1340,Project 340,1997,Action,Thriller,125,Steven Spielberg,29.43,92.61,9.3,98.0,2393048
MOV1341,Project 341,2005,Thriller,Comedy,118,Denis Villeneuve,29.89,0.05,8.3,87.0,1377807
MOV1342,Project 342,1997,Horror,Action,94,Indie Director,12.31,25.91,6.9,79.0,119087
MOV1343,Project 343,1990,Sci-Fi,Adventure,129,Denis Villeneuve,301.4,1271.27,9.3,87.0,7340438
MOV1344,Project 344,1994,Thriller,Adventure,134,Ava DuVernay,69.58,90.22,7.7,87.0,839888
MOV1345,Project 345,1992,Crime,Thriller,91,Ava DuVernay,33.14,36.99,6.7,63.0,91486
MOV1346,Project 346,1990,Comedy,Thriller,111,Indie Director,160.9,450.62,8.3,77.0,2270525
MOV1347,Project 347,1993,Action,Drama,110,Denis Villeneuve,73.86,125.97,9.2,75.0,3340090
MOV1348,Project 348,2024,Action,Crime,119,Ridley Scott,11.6,33.74,7.4,70.0,513515
MOV1349,Project 349,2021,Action,Comedy,111,Indie Director,38.46,58.27,6.3,63.0,175837
MOV1350,Project 350,2023,Horror,Thriller,114,Guillermo del Toro,13.59,54.53,9.2,90.0,7056586
MOV1351,Project 351,2014,Crime,Adventure,128,Guillermo del Toro,11.83,15.56,8.8,82.0,2096533
MOV1352,Project 352,1999,Thriller,Action,93,Christopher Nolan,137.67,245.53,9.4,91.0,3269828
MOV1353,Project 353,2010,Comedy,Sci-Fi,130,Greta Gerwig,55.96,158.09,8.4,68.0,1905767
MOV1354,Project 354,2016,Crime,Romance,138,James Cameron,17.49,55.18,8.2,82.0,2351411
MOV1355,Project 355,2016,Animation,Thriller,148,Denis Villeneuve,94.36,386.49,9.8,,7122839
MOV1356,Project 356,1991,Sci-Fi,Crime,75,Greta Gerwig,158.38,472.78,8.6,86.0,1426760
MOV1357,Project 357,2002,Drama,Thriller,111,Guillermo del Toro,90.05,185.23,8.4,99.0,2515016
MOV1358,Project 358,1998,Crime,Crime,76,Martin Scorsese,90.36,219.24,9.0,86.0,3014024
MOV1359,Project 359,2011,Animation,Comedy,75,Denis Villeneuve,77.4,177.67,9.6,83.0,5351626
MOV1360,Project 360,2015,Comedy,Sci-Fi,118,Greta Gerwig,57.15,158.89,7.2,96.0,230313
MOV1361,Project 361,2001,Drama,Horror,107,Guillermo del Toro,29.78,39.61,7.3,86.0,869798
MOV1362,Project 362,2006,Drama,Action,121,Quentin Tarantino,29.14,76.31,9.4,99.0,7497989
MOV1363,Project 363,2003,Crime,Action,125,Guillermo del Toro,9.88,45.06,8.2,77.0,2178189
MOV1364,Project 364,2003,Action,Crime,140,Ava DuVernay,19.83,56.34,7.5,71.0,221892
MOV1365,Project 365,2023,Romance,Drama,116,Steven Spielberg,23.85,33.94,8.4,86.0,1112150
MOV1366,Project 366,2009,Comedy,Crime,173,Ridley Scott,15.96,0.05,8.9,77.0,1401318
MOV1367,Project 367,2000,Action,Drama,121,Ridley Scott,7.34,55.58,8.4,87.0,2391053
MOV1368,Project 368,2005,Comedy,Animation,152,Ava DuVernay,49.91,67.96,8.4,98.0,2950293
MOV1369,Project 369,2020,Romance,Adventure,75,Ava DuVernay,5.83,0.05,8.7,87.0,4057973
MOV1370,Project 370,1995,Sci-Fi,Action,142,Denis Villeneuve,113.55,386.52,8.5,95.0,3187812
MOV1371,Project 371,2008,Romance,Comedy,111,Quentin Tarantino,24.37,52.97,8.5,91.0,2118279
MOV1372,Project 372,1993,Adventure,Crime,76,Quentin Tarantino,,576.03,9.8,96.0,7014704
MOV1373,Project 373,1993,Crime,Comedy,123,Denis Villeneuve,31.48,75.46,8.4,97.0,2904723
MOV1374,Project 374,2009,Crime,Sci-Fi,109,Greta Gerwig,7.63,64.36,7.8,77.0,711746
MOV1375,Project 375,1999,Animation,Comedy,127,Denis Villeneuve,85.23,314.05,9.4,93.0,5357700
MOV1376,Project 376,2013,Action,Thriller,135,James Cameron,207.34,474.58,9.5,87.0,2092823
MOV1377,Project 377,2024,Animation,Adventure,85,James Cameron,350.0,624.89,7.6,66.0,1036998
MOV1378,Project 378,2015,Adventure,Thriller,135,Ridley Scott,64.09,76.25,7.7,79.0,779522
MOV1379,Project 379,2010,Romance,Romance,115,Guillermo del Toro,14.65,55.9,9.3,92.0,7004928
MOV1380,Project 380,2010,Crime,Crime,142,Denis Villeneuve,99.86,162.82,8.9,82.0,2275376
MOV1381,Project 381,1999,Horror,Action,111,Denis Villeneuve,8.18,32.14,9.7,86.0,9894635
MOV1382,Project 382,1993,Romance,Crime,106,Greta Gerwig,28.89,99.69,7.6,75.0,984334
MOV1383,Project 383,2009,Romance,Adventure,116,Christopher Nolan,18.01,107.51,9.3,93.0,4186860
MOV1384,Project 384,2006,Adventure,Horror,117,Ridley Scott,9.4,67.1,6.7,78.0,455930
MOV1385,Project 385,1996,Sci-Fi,Horror,102,Ridley Scott,56.19,140.08,7.7,90.0,1247865
MOV1386,Project 386,1993,Comedy,Romance,105,Ridley Scott,15.79,43.7,7.7,69.0,434901
MOV1387,Project 387,2018,Adventure,Adventure,90,Indie Director,126.66,81.63,6.4,70.0,259187
MOV1388,Project 388,2003,Comedy,Animation,106,Guillermo del Toro,109.01,98.02,7.0,79.0,468464
MOV1389,Project 389,1992,Crime,Animation,129,Ava DuVernay,17.48,94.2,7.1,60.0,503024
MOV1390,Project 390,2013,Adventure,Animation,112,Martin Scorsese,180.19,764.07,8.7,92.0,1926135
MOV1391,Project 391,2005,Comedy,Action,135,Christopher Nolan,6.99,53.77,9.4,87.0,4960657
MOV1392,Project 392,1993,Animation,Action,111,Indie Director,82.25,124.81,8.1,81.0,945334
MOV1393,Project 393,2013,Adventure,Animation,86,Guillermo del Toro,12.68,34.92,9.1,93.0,5803502
MOV1394,Project 394,2023,Crime,Horror,127,James Cameron,113.74,450.19,9.1,84.0,5987009
MOV1395,Project 395,2019,Adventure,Adventure,102,Greta Gerwig,157.66,200.54,8.8,89.0,4215933
MOV1396,Project 396,2007,Crime,Comedy,110,Ava DuVernay,47.91,166.91,9.1,88.0,2696730
MOV1397,Project 397,2008,Adventure,Adventure,140,James Cameron,187.35,718.18,9.8,99.0,11908655
MOV1398,Project 398,2020,Comedy,Animation,92,Ava DuVernay,41.5,60.39,8.0,78.0,1484941
MOV1399,Project 399,2008,Sci-Fi,Adventure,118,Quentin Tarantino,350.0,597.44,9.7,99.0,2279997
MOV1400,Project 400,2008,Thriller,Sci-Fi,114,Ridley Scott,61.32,76.37,6.8,68.0,492897
MOV1401,Project 401,2011,Comedy,Action,129,Indie Director,95.5,233.41,7.0,63.0,634410
MOV1402,Project 402,2013,Action,Action,132,Ava DuVernay,85.08,54.9,9.1,89.0,3828490
MOV1403,Project 403,2001,Drama,Horror,120,Steven Spielberg,8.74,0.05,8.7,75.0,1315113
MOV1404,Project 404,2019,Sci-Fi,Comedy,108,Ridley Scott,95.14,261.89,7.7,65.0,426130
MOV1405,Project 405,2020,Animation,Animation,124,Ridley Scott,18.57,43.13,8.5,86.0,1919735
MOV1406,Project 406,2008,Romance,Crime,142,Greta Gerwig,27.44,88.04,8.0,99.0,1864810
MOV1407,Project 407,2019,Comedy,Horror,114,Indie Director,28.06,95.23,8.4,78.0,2959178
MOV1408,Project 408,2022,Adventure,Horror,110,Christopher Nolan,107.31,450.77,9.7,94.0,11007539
MOV1409,Project 409,2007,Comedy,Comedy,123,James Cameron,5.35,0.5,8.5,93.0,1430145
MOV1410,Project 410,2017,Horror,Thriller,116,Ava DuVernay,8.25,1.71,6.9,58.0,334288
MOV1411,Project 411,2000,Sci-Fi,Animation,88,Ava DuVernay,86.11,186.46,7.0,61.0,358051
MOV1412,Project 412,2022,Thriller,Crime,120,Quentin Tarantino,,177.7,9.2,96.0,3602252
MOV1413,Project 413,2006,Animation,Action,88,Ridley Scott,53.39,126.43,7.9,89.0,1312996
MOV1414,Project 414,1995,Horror,Comedy,122,Denis Villeneuve,13.28,22.44,8.4,85.0,1712638
MOV1415,Project 415,1993,Crime,Crime,99,Martin Scorsese,55.17,90.23,9.2,89.0,6942517
MOV1416,Project 416,2009,Horror,Sci-Fi,116,Denis Villeneuve,18.89,20.69,8.9,83.0,3634171
MOV1417,Project 417,2016,Comedy,Horror,123,Ava DuVernay,17.43,0.05,7.7,80.0,653993
MOV1418,Project 418,2004,Animation,Comedy,164,Denis Villeneuve,57.9,91.0,8.2,80.0,2389139
MOV1419,Project 419,1995,Comedy,Action,130,Greta Gerwig,13.59,26.94,8.2,80.0,1564166
MOV1420,Project 420,2003,Crime,Adventure,142,Steven Spielberg,140.28,344.43,9.5,88.0,4216244
MOV1421,Project 421,2000,Romance,Action,152,Ava DuVernay,8.5,7.96,7.9,86.0,409888
MOV1422,Project 422,1998,Animation,Sci-Fi,125,Ava DuVernay,51.5,110.35,8.8,86.0,2916739
MOV1423,Project 423,2015,Romance,Comedy,121,Steven Spielberg,5.65,7.53,7.2,67.0,783641
MOV1424,Project 424,2005,Sci-Fi,Sci-Fi,94,James Cameron,35.09,112.53,8.5,81.0,1777670
MOV1425,Project 425,1994,Sci-Fi,Animation,113,Steven Spielberg,186.95,664.77,9.8,87.0,2808399
MOV1426,Project 426,1999,Romance,Animation,101,Denis Villeneuve,10.62,21.38,8.6,69.0,1714028
MOV1427,Project 427,1992,Sci-Fi,Adventure,107,Greta Gerwig,15.01,64.46,8.1,92.0,584445
MOV1428,Project 428,2002,Animation,Horror,152,Quentin Tarantino,69.33,274.17,9.8,90.0,10776335
MOV1429,Project 429,2019,Adventure,Thriller,117,James Cameron,6.05,20.95,8.9,70.0,3975712
MOV1430,Project 430,1995,Action,Drama,97,Guillermo del Toro,14.74,54.54,8.4,86.0,1792833
MOV1431,Project 431,2006,Sci-Fi,Crime,142,Quentin Tarantino,202.8,218.32,9.1,89.0,1454484
MOV1432,Project 432,2008,Sci-Fi,Sci-Fi,134,Christopher Nolan,182.13,366.2,9.1,97.0,1395239
MOV1433,Project 433,2024,Comedy,Crime,135,Christopher Nolan,91.34,237.83,8.9,84.0,1537770
MOV1434,Project 434,2015,Romance,Adventure,75,Christopher Nolan,53.19,146.63,9.1,86.0,3950175
MOV1435,Project 435,1994,Drama,Crime,154,Indie Director,39.48,80.63,7.6,75.0,494483
MOV1436,Project 436,2018,Thriller,Crime,104,Christopher Nolan,7.42,12.66,7.2,60.0,150778
MOV1437,Project 437,2009,Horror,Action,131,Greta Gerwig,27.91,38.97,8.1,86.0,1580550
MOV1438,Project 438,2010,Sci-Fi,Comedy,165,Quentin Tarantino,229.12,590.1,9.7,90.0,9682024
MOV1439,Project 439,1999,Horror,Horror,158,Ridley Scott,29.07,32.01,8.4,87.0,3045729
MOV1440,Project 440,1994,Animation,Drama,95,Martin Scorsese,76.03,316.58,9.3,97.0,4450545
MOV1441,Project 441,1995,Drama,Comedy,86,James Cameron,12.95,41.35,7.9,86.0,871334
MOV1442,Project 442,2015,Thriller,Action,144,Indie Director,88.99,148.27,6.4,59.0,102222
MOV1443,Project 443,1993,Romance,Crime,118,Guillermo del Toro,37.47,134.72,7.7,76.0,579711
MOV1444,Project 444,2024,Action,Drama,105,Denis Villeneuve,350.0,219.99,8.7,57.0,1868649
MOV1445,Project 445,1990,Thriller,Action,127,Ava DuVernay,12.62,31.16,7.4,93.0,842138
MOV1446,Project 446,2013,Thriller,Action,112,Christopher Nolan,16.51,15.46,9.4,89.0,3475976
MOV1447,Project 447,1995,Action,Action,129,Guillermo del Toro,31.18,64.99,8.2,86.0,2366256
MOV1448,Project 448,2020,Adventure,Animation,116,Ava DuVernay,170.15,619.18,7.2,75.0,318208
MOV1449,Project 449,2009,Romance,Drama,129,Martin Scorsese,10.17,27.54,8.9,82.0,2925063
MOV1450,Project 450,2013,Comedy,Action,97,Guillermo del Toro,7.41,47.16,8.9,74.0,5124423
MOV1451,Project 451,2014,Horror,Thriller,143,Quentin Tarantino,103.16,181.93,9.2,93.0,4397689
MOV1452,Project 452,2010,Sci-Fi,Crime,129,Guillermo del Toro,8.02,8.52,8.8,79.0,2331603
MOV1453,Project 453,2019,Thriller,Drama,128,Indie Director,86.15,118.98,5.8,45.0,92457
MOV1454,Project 454,2013,Animation,Animation,93,Christopher Nolan,50.47,212.78,9.2,93.0,6089068
MOV1455,Project 455,2019,Action,Sci-Fi,149,Martin Scorsese,207.7,760.05,9.7,80.0,5876788
MOV1456,Project 456,2011,Horror,Sci-Fi,115,Denis Villeneuve,17.13,63.27,8.0,77.0,759214
MOV1457,Project 457,2017,Drama,Horror,130,Ridley Scott,74.57,165.16,7.9,72.0,616731
MOV1458,Project 458,1996,Action,Romance,109,Steven Spielberg,291.69,989.81,8.5,97.0,2627731
MOV1459,Project 459,2024,Drama,Thriller,120,Indie Director,5.27,27.55,6.4,59.0,291348
MOV1460,Project 460,2017,Romance,Sci-Fi,121,Christopher Nolan,6.96,25.17,8.4,79.0,1724533
MOV1461,Project 461,2003,Thriller,Animation,75,Ava DuVernay,17.97,78.62,7.9,69.0,1316959
MOV1462,Project 462,1999,Animation,Romance,127,Martin Scorsese,115.66,372.97,9.4,99.0,1826104
MOV1463,Project 463,2005,Sci-Fi,Action,154,Quentin Tarantino,268.0,269.08,9.2,86.0,4295526
MOV1464,Project 464,2005,Drama,Action,126,Indie Director,23.48,53.7,7.4,63.0,964610
MOV1465,Project 465,2020,Horror,Adventure,96,Greta Gerwig,19.01,52.78,8.5,89.0,3409481
MOV1466,Project 466,2014,Adventure,Crime,128,Martin Scorsese,26.93,53.97,8.2,72.0,2053954
MOV1467,Project 467,2002,Romance,Romance,136,Ava DuVernay,45.86,174.24,9.5,82.0,5173964
MOV1468,Project 468,1995,Adventure,Crime,125,Indie Director,350.0,742.35,8.2,83.0,1534228
MOV1469,Project 469,1998,Romance,Animation,114,Steven Spielberg,12.82,30.24,8.2,79.0,1451091
MOV1470,Project 470,2009,Comedy,Thriller,110,Steven Spielberg,28.9,109.24,8.5,,3236204
MOV1471,Project 471,2007,Horror,Romance,110,James Cameron,6.35,72.79,7.4,71.0,844270
MOV1472,Project 472,2010,Adventure,Sci-Fi,129,Ridley Scott,91.0,329.88,7.8,80.0,1249574
MOV1473,Project 473,1993,Animation,Thriller,87,Ava DuVernay,74.87,297.23,7.0,76.0,249462
MOV1474,Project 474,2022,Thriller,Adventure,108,Steven Spielberg,12.02,10.0,9.4,83.0,6470603
MOV1475,Project 475,2016,Action,Crime,147,James Cameron,69.19,122.19,9.3,92.0,4809766
MOV1476,Project 476,1996,Sci-Fi,Crime,148,James Cameron,53.79,166.23,9.6,99.0,5874256
MOV1477,Project 477,1995,Thriller,Thriller,85,Indie Director,38.2,134.79,7.4,,907794
MOV1478,Project 478,2004,Thriller,Action,92,James Cameron,44.65,97.26,8.6,94.0,2538602
MOV1479,Project 479,2007,Romance,Crime,110,Martin Scorsese,5.21,34.03,9.8,99.0,3072030
MOV1480,Project 480,2021,Animation,Adventure,133,James Cameron,148.13,371.57,9.0,83.0,2651107
MOV1481,Project 481,2000,Romance,Sci-Fi,78,Christopher Nolan,36.21,99.82,8.9,93.0,5058466
MOV1482,Project 482,2009,Crime,Drama,114,Ava DuVernay,23.25,0.05,8.3,80.0,2562616
MOV1483,Project 483,2013,Drama,Sci-Fi,106,Christopher Nolan,6.63,10.31,8.3,86.0,1068982
MOV1484,Project 484,2004,Sci-Fi,Sci-Fi,142,Greta Gerwig,173.75,155.47,7.9,74.0,1367919
MOV1485,Project 485,1996,Drama,Crime,81,Steven Spielberg,98.15,311.09,7.1,76.0,348477
MOV1486,Project 486,2010,Action,Comedy,117,Ridley Scott,35.21,129.25,8.0,72.0,1520979
MOV1487,Project 487,2015,Crime,Action,107,James Cameron,20.63,47.2,8.9,96.0,4096494
MOV1488,Project 488,2003,Horror,Crime,144,Quentin Tarantino,8.05,14.19,9.2,90.0,2165519
MOV1489,Project 489,2010,Action,Action,127,Quentin Tarantino,99.63,218.12,9.4,86.0,8084266
MOV1490,Project 490,2007,Action,Animation,103,Steven Spielberg,23.51,104.49,9.8,95.0,2757380
MOV1491,Project 491,1994,Comedy,Comedy,132,Greta Gerwig,20.41,81.23,7.4,79.0,690018
MOV1492,Project 492,1992,Sci-Fi,Crime,107,Quentin Tarantino,148.29,125.61,9.8,,8081950
MOV1493,Project 493,2012,Romance,Horror,135,Christopher Nolan,25.53,106.69,9.7,86.0,12252587
MOV1494,Project 494,2015,Animation,Sci-Fi,110,Guillermo del Toro,53.85,67.41,8.8,80.0,2844766
MOV1495,Project 495,2013,Drama,Animation,136,Martin Scorsese,21.35,21.35,9.2,86.0,3645312
MOV1496,Project 496,2008,Action,Comedy,124,Denis Villeneuve,95.84,209.1,8.4,90.0,2232506
MOV1497,Project 497,2014,Drama,Crime,180,Quentin Tarantino,5.18,0.05,9.1,87.0,3805860
MOV1498,Project 498,2010,Drama,Adventure,114,Ridley Scott,7.45,18.73,9.6,98.0,9154660
MOV1499,Project 499,2001,Horror,Thriller,123,James Cameron,36.96,42.24,8.3,71.0,1581094
MOV1500,Project 500,2022,Sci-Fi,Thriller,105,Ridley Scott,14.73,64.6,8.6,83.0,3434884
MOV1501,Project 501,1993,Sci-Fi,Action,115,Ava DuVernay,152.23,113.74,6.7,65.0,92645
MOV1502,Project 502,1996,Adventure,Comedy,75,Martin Scorsese,270.25,523.2,9.6,95.0,3129372
MOV1503,Project 503,2011,Thriller,Sci-Fi,124,Christopher Nolan,19.2,47.78,8.8,80.0,2293774
MOV1504,Project 504,2022,Sci-Fi,Sci-Fi,142,Greta Gerwig,60.54,209.58,8.3,82.0,535478
MOV1505,Project 505,2006,Drama,Drama,123,Martin Scorsese,30.24,130.72,9.4,96.0,8402419
MOV1506,Project 506,2013,Romance,Thriller,89,Denis Villeneuve,58.37,110.1,8.5,85.0,594942
MOV1507,Project 507,2023,Drama,Animation,99,Guillermo del Toro,90.37,144.44,8.0,82.0,625349
MOV1508,Project 508,2017,Romance,Comedy,75,Indie Director,38.63,108.06,7.4,84.0,937507
MOV1509,Project 509,2011,Adventure,Sci-Fi,135,Quentin Tarantino,14.51,0.05,9.3,89.0,7775856
MOV1510,Project 510,2006,Romance,Drama,95,Greta Gerwig,32.65,111.38,7.9,89.0,642062
MOV1511,Project 511,2023,Sci-Fi,Comedy,114,Greta Gerwig,68.38,154.5,8.9,67.0,3235798
MOV1512,Project 512,1995,Horror,Romance,112,Quentin Tarantino,14.54,22.91,7.8,80.0,609820
MOV1513,Project 513,1995,Romance,Sci-Fi,145,Quentin Tarantino,6.26,9.04,8.9,99.0,1553922
MOV1514,Project 514,2023,Drama,Romance,117,Quentin Tarantino,,69.37,9.3,93.0,7875568
MOV1515,Project 515,1990,Animation,Comedy,131,Quentin Tarantino,161.31,309.71,9.6,89.0,11403922
MOV1516,Project 516,1999,Sci-Fi,Sci-Fi,126,Quentin Tarantino,77.61,213.11,8.4,99.0,2203897
MOV1517,Project 517,2010,Animation,Romance,142,Greta Gerwig,40.91,130.59,8.2,,1893451
MOV1518,Project 518,1994,Crime,Horror,110,Steven Spielberg,24.38,33.14,8.2,78.0,1182138
MOV1519,Project 519,1991,Crime,Drama,152,Steven Spielberg,82.08,182.98,9.2,84.0,4899395
MOV1520,Project 520,2011,Drama,Animation,75,Ridley Scott,46.47,66.09,8.2,84.0,2441625
MOV1521,Project 521,1991,Crime,Thriller,132,Steven Spielberg,17.72,14.44,9.6,79.0,4446099
MOV1522,Project 522,1999,Thriller,Drama,98,Denis Villeneuve,,20.97,8.5,99.0,845862
MOV1523,Project 523,2023,Adventure,Romance,105,Steven Spielberg,35.49,139.25,8.0,83.0,365730
MOV1524,Project 524,2005,Sci-Fi,Sci-Fi,126,Greta Gerwig,309.23,1077.57,8.4,83.0,2062112
MOV1525,Project 525,2011,Animation,Horror,126,Quentin Tarantino,92.13,199.33,9.3,99.0,1659552
MOV1526,Project 526,2001,Drama,Horror,127,James Cameron,27.87,84.97,9.6,91.0,10841681
MOV1527,Project 527,2013,Thriller,Thriller,87,James Cameron,45.83,148.92,9.2,99.0,6108889
MOV1528,Project 528,1999,Drama,Horror,144,Denis Villeneuve,,42.8,8.8,91.0,1920204
MOV1529,Project 529,2024,Thriller,Drama,97,Ava DuVernay,79.05,40.23,6.9,70.0,544728
MOV1530,Project 530,2021,Crime,Crime,100,Greta Gerwig,34.63,64.96,9.0,85.0,5557966
MOV1531,Project 531,1996,Crime,Horror,128,Christopher Nolan,9.97,8.56,8.6,96.0,2240345
MOV1532,Project 532,2010,Romance,Thriller,109,Martin Scorsese,8.45,0.05,6.6,66.0,136654
MOV1533,Project 533,2009,Comedy,Horror,121,Ridley Scott,31.94,96.86,9.1,72.0,4890723
MOV1534,Project 534,2015,Drama,Horror,75,Christopher Nolan,87.73,184.12,8.5,99.0,3015946
MOV1535,Project 535,1993,Romance,Adventure,121,Greta Gerwig,14.22,26.25,8.1,78.0,1537416
MOV1536,Project 536,2011,Sci-Fi,Drama,119,Steven Spielberg,249.4,1080.81,9.1,97.0,2232912
MOV1537,Project 537,2004,Romance,Romance,105,Quentin Tarantino,41.11,27.24,8.8,80.0,2021031
MOV1538,Project 538,2010,Action,Action,75,Indie Director,36.32,15.54,6.5,68.0,72769
MOV1539,Project 539,2004,Crime,Crime,111,Christopher Nolan,6.48,23.05,8.8,94.0,1274184
MOV1540,Project 540,2011,Action,Horror,114,Martin Scorsese,16.82,41.1,8.6,93.0,2380672
MOV1541,Project 541,2017,Drama,Animation,108,Ava DuVernay,44.11,147.63,7.9,93.0,1730998
MOV1542,Project 542,2003,Animation,Horror,78,James Cameron,27.27,97.49,8.4,77.0,1835106
MOV1543,Project 543,2016,Animation,Adventure,147,Ava DuVernay,51.41,125.02,8.7,98.0,3580594
MOV1544,Project 544,2017,Sci-Fi,Romance,102,Martin Scorsese,88.59,161.6,9.1,97.0,4149770
MOV1545,Project 545,2015,Romance,Animation,111,Quentin Tarantino,37.32,46.47,8.7,92.0,1671780
MOV1546,Project 546,1991,Animation,Crime,75,Steven Spielberg,17.02,20.15,8.1,99.0,1987279
MOV1547,Project 547,2014,Thriller,Animation,147,Martin Scorsese,28.47,90.28,9.1,90.0,4833787
MOV1548,Project 548,1992,Thriller,Drama,106,Ridley Scott,34.87,73.33,7.5,60.0,559019
MOV1549,Project 549,1997,Sci-Fi,Thriller,117,Martin Scorsese,98.4,93.08,9.0,99.0,5591619
MOV1550,Project 550,2022,Adventure,Thriller,137,Indie Director,,694.13,7.3,57.0,468070
MOV1551,Project 551,2024,Crime,Crime,101,Greta Gerwig,12.53,53.9,8.5,83.0,888284
MOV1552,Project 552,1995,Romance,Romance,134,Steven Spielberg,46.23,31.08,8.3,85.0,1666519
MOV1553,Project 553,2012,Drama,Thriller,75,Quentin Tarantino,40.42,228.87,8.4,80.0,2766096
MOV1554,Project 554,2014,Horror,Comedy,126,James Cameron,17.17,94.24,8.1,73.0,2051432
MOV1555,Project 555,2008,Horror,Adventure,146,James Cameron,23.04,46.43,8.8,88.0,4704034
MOV1556,Project 556,1994,Horror,Crime,103,Martin Scorsese,12.97,13.49,8.4,83.0,2332144
MOV1557,Project 557,2000,Animation,Crime,137,Greta Gerwig,19.9,13.19,8.6,82.0,3708355
MOV1558,Project 558,2001,Adventure,Action,152,Christopher Nolan,120.07,203.5,8.5,84.0,2621914
MOV1559,Project 559,1999,Adventure,Action,110,Ava DuVernay,83.09,285.42,7.3,67.0,281382
MOV1560,Project 560,1997,Romance,Drama,108,Ava DuVernay,30.5,94.66,8.2,78.0,674867
MOV1561,Project 561,2013,Romance,Drama,97,Ava DuVernay,15.31,33.94,6.9,64.0,546547
MOV1562,Project 562,2017,Adventure,Action,105,Indie Director,254.24,400.9,5.5,78.0,82524
MOV1563,Project 563,2010,Sci-Fi,Thriller,99,Christopher Nolan,111.22,437.31,8.7,80.0,2276445
MOV1564,Project 564,1997,Romance,Sci-Fi,97,Greta Gerwig,7.23,22.53,7.9,87.0,1190937
MOV1565,Project 565,1998,Sci-Fi,Crime,139,Ava DuVernay,76.7,351.42,7.1,71.0,433387
MOV1566,Project 566,2004,Action,Comedy,99,Ridley Scott,160.33,407.73,8.1,70.0,1877366
MOV1567,Project 567,2007,Thriller,Crime,120,Christopher Nolan,76.12,276.73,9.5,92.0,3922667
MOV1568,Project 568,2009,Crime,Horror,116,Christopher Nolan,32.3,154.35,8.8,95.0,3384442
MOV1569,Project 569,1995,Romance,Romance,145,Quentin Tarantino,61.28,224.67,8.7,87.0,2526572
MOV1570,Project 570,2001,Adventure,Adventure,105,Quentin Tarantino,37.71,92.23,9.8,91.0,4310729
MOV1571,Project 571,1991,Thriller,Sci-Fi,123,Steven Spielberg,28.79,78.18,8.2,85.0,1674391
MOV1572,Project 572,1996,Thriller,Comedy,131,Ridley Scott,107.99,387.43,8.0,72.0,1887422
MOV1573,Project 573,2005,Comedy,Horror,145,Ridley Scott,84.3,97.7,8.6,75.0,1983991
MOV1574,Project 574,1992,Adventure,Drama,105,Steven Spielberg,126.53,267.08,8.9,96.0,4378522
MOV1575,Project 575,1992,Crime,Comedy,103,Ridley Scott,83.35,349.58,7.7,74.0,361978
MOV1576,Project 576,2016,Adventure,Action,94,Denis Villeneuve,14.76,13.62,8.6,99.0,3555188
MOV1577,Project 577,2022,Romance,Crime,160,Guillermo del Toro,55.06,129.96,7.6,86.0,700664
MOV1578,Project 578,2017,Drama,Comedy,143,Ava DuVernay,16.6,87.02,7.2,64.0,408815
MOV1579,Project 579,1990,Action,Romance,114,Quentin Tarantino,26.61,169.29,8.5,71.0,2670320
MOV1580,Project 580,1997,Sci-Fi,Animation,154,Steven Spielberg,37.83,85.35,8.7,83.0,2525590
MOV1581,Project 581,2021,Drama,Drama,113,Steven Spielberg,21.24,98.54,8.8,79.0,1446353
MOV1582,Project 582,1993,Action,Adventure,129,Ridley Scott,36.82,38.55,6.6,77.0,274531
MOV1583,Project 583,2019,Drama,Adventure,115,Christopher Nolan,16.59,34.95,9.1,76.0,5083155
MOV1584,Project 584,1995,Sci-Fi,Comedy,123,James Cameron,22.4,0.05,7.9,77.0,670856
MOV1585,Project 585,2008,Animation,Animation,121,Indie Director,40.12,84.31,7.7,78.0,297435
MOV1586,Project 586,2021,Adventure,Crime,107,Martin Scorsese,94.18,167.69,9.2,88.0,5042490
MOV1587,Project 587,1998,Drama,Horror,137,Martin Scorsese,22.49,49.08,8.9,97.0,2223047
MOV1588,Project 588,2001,Romance,Sci-Fi,129,Steven Spielberg,15.64,60.96,8.0,56.0,1514318
MOV1589,Project 589,2000,Crime,Crime,136,Ava DuVernay,59.89,165.88,7.7,93.0,628356
MOV1590,Project 590,2005,Horror,Horror,121,Denis Villeneuve,38.6,121.69,8.0,97.0,1558709
MOV1591,Project 591,1990,Romance,Sci-Fi,97,Ava DuVernay,40.35,176.63,8.0,64.0,1780564
MOV1592,Project 592,2010,Sci-Fi,Animation,149,Steven Spielberg,53.42,185.58,7.9,80.0,1622655
MOV1593,Project 593,2019,Crime,Sci-Fi,110,Ava DuVernay,59.57,129.9,7.9,80.0,788412
MOV1594,Project 594,2002,Romance,Crime,122,Quentin Tarantino,9.12,36.88,8.0,73.0,1555652
MOV1595,Project 595,2023,Thriller,Romance,128,Ava DuVernay,11.28,37.89,7.8,74.0,1534770
MOV1596,Project 596,1993,Adventure,Comedy,122,Ridley Scott,49.53,26.12,8.4,73.0,1997678
MOV1597,Project 597,2017,Crime,Horror,133,Ridley Scott,70.95,200.31,9.2,,1892550
MOV1598,Project 598,2020,Thriller,Romance,136,Denis Villeneuve,17.73,84.55,9.3,91.0,1708953
MOV1599,Project 599,2016,Romance,Horror,111,Quentin Tarantino,6.63,34.05,9.0,99.0,5622965
MOV1600,Project 600,1994,Action,Comedy,148,James Cameron,20.54,70.32,9.4,83.0,8556205
MOV1601,Project 601,2014,Comedy,Thriller,110,Christopher Nolan,73.5,362.34,8.8,99.0,2688198
MOV1602,Project 602,1992,Action,Sci-Fi,122,Quentin Tarantino,115.5,208.86,9.8,99.0,11733459
MOV1603,Project 603,2022,Adventure,Animation,107,Greta Gerwig,35.66,99.14,7.4,77.0,908430
MOV1604,Project 604,1993,Crime,Thriller,102,Guillermo del Toro,37.41,118.79,9.3,85.0,2728590
MOV1605,Project 605,2014,Crime,Thriller,136,Steven Spielberg,35.0,132.78,9.2,96.0,3748539
MOV1606,Project 606,2009,Adventure,Adventure,177,Greta Gerwig,116.87,487.07,8.0,83.0,1221620
MOV1607,Project 607,2023,Thriller,Action,108,Denis Villeneuve,16.95,50.34,8.0,86.0,977803
MOV1608,Project 608,2015,Comedy,Crime,139,Greta Gerwig,74.93,305.82,8.7,85.0,1997526
MOV1609,Project 609,1994,Romance,Romance,108,Ridley Scott,14.25,38.42,8.2,89.0,2402101
MOV1610,Project 610,2024,Sci-Fi,Romance,115,Ava DuVernay,147.15,395.18,8.2,70.0,1560524
MOV1611,Project 611,2017,Action,Romance,150,Christopher Nolan,6.79,37.73,8.5,84.0,1621413
MOV1612,Project 612,2018,Action,Romance,94,Martin Scorsese,56.29,191.41,9.1,98.0,4293107
MOV1613,Project 613,1998,Horror,Crime,88,Steven Spielberg,11.5,78.6,8.1,84.0,767334
MOV1614,Project 614,1995,Comedy,Thriller,113,Martin Scorsese,32.44,138.2,8.7,96.0,2086090
MOV1615,Project 615,2008,Sci-Fi,Crime,128,Ava DuVernay,14.06,61.48,7.5,65.0,618270
MOV1616,Project 616,2000,Action,Romance,124,Ridley Scott,176.74,129.35,9.7,99.0,8490008
MOV1617,Project 617,1991,Sci-Fi,Action,122,Ridley Scott,34.47,20.57,8.4,78.0,2855673
MOV1618,Project 618,1998,Romance,Drama,116,Ava DuVernay,33.26,56.52,7.3,80.0,298112
MOV1619,Project 619,2010,Crime,Comedy,131,Steven Spielberg,70.03,275.94,8.8,84.0,1788790
MOV1620,Project 620,2013,Sci-Fi,Romance,75,Martin Scorsese,104.03,170.63,9.7,96.0,10747109
MOV1621,Project 621,2023,Action,Animation,100,Quentin Tarantino,153.55,110.2,9.5,96.0,9975539
MOV1622,Project 622,2011,Thriller,Drama,113,Ridley Scott,53.79,210.58,7.8,82.0,1234390
MOV1623,Project 623,1992,Comedy,Crime,129,Martin Scorsese,20.38,46.93,7.8,,486821
MOV1624,Project 624,2001,Adventure,Animation,145,James Cameron,178.75,468.37,9.7,99.0,8124932
MOV1625,Project 625,2017,Drama,Animation,97,Martin Scorsese,15.47,62.28,8.7,93.0,4200068
MOV1626,Project 626,2019,Animation,Horror,144,James Cameron,89.68,157.88,8.0,80.0,1482352
MOV1627,Project 627,2015,Animation,Animation,106,James Cameron,,312.62,7.5,63.0,360793
MOV1628,Project 628,2010,Drama,Romance,112,Ridley Scott,19.29,97.49,8.6,97.0,1810508
MOV1629,Project 629,2017,Sci-Fi,Horror,127,Steven Spielberg,48.28,114.43,9.0,86.0,2116356
MOV1630,Project 630,2015,Comedy,Adventure,111,Denis Villeneuve,26.52,108.75,8.2,69.0,1346547
MOV1631,Project 631,2022,Sci-Fi,Thriller,137,Ridley Scott,209.43,845.86,9.1,90.0,3621258
MOV1632,Project 632,2010,Adventure,Animation,107,Steven Spielberg,284.11,880.63,8.7,93.0,1268336
MOV1633,Project 633,2024,Comedy,Action,107,Steven Spielberg,32.57,134.1,7.8,77.0,717539
MOV1634,Project 634,2023,Drama,Comedy,136,Greta Gerwig,37.49,70.16,8.6,91.0,3193847
MOV1635,Project 635,2007,Sci-Fi,Animation,100,Ava DuVernay,285.3,591.86,8.8,82.0,2728866
MOV1636,Project 636,2000,Horror,Adventure,120,Ava DuVernay,6.56,4.16,9.1,88.0,2302282
MOV1637,Project 637,2012,Action,Sci-Fi,82,Ava DuVernay,,67.79,8.0,86.0,1922345
MOV1638,Project 638,2011,Thriller,Crime,151,Guillermo del Toro,60.53,202.74,8.5,86.0,1207350
MOV1639,Project 639,2006,Crime,Crime,139,Indie Director,74.43,135.65,8.2,80.0,2106651
MOV1640,Project 640,1994,Thriller,Adventure,170,Ridley Scott,92.53,147.54,8.2,73.0,1991563
MOV1641,Project 641,2000,Adventure,Sci-Fi,142,Steven Spielberg,61.31,231.37,8.7,84.0,955694
MOV1642,Project 642,2019,Sci-Fi,Crime,92,Greta Gerwig,16.23,51.89,7.8,89.0,1123873
MOV1643,Project 643,2004,Romance,Crime,128,James Cameron,19.4,90.75,7.9,86.0,1345565
MOV1644,Project 644,2016,Comedy,Crime,97,Denis Villeneuve,14.18,50.4,8.5,74.0,1995169
MOV1645,Project 645,2024,Sci-Fi,Adventure,147,Denis Villeneuve,46.3,112.22,9.1,78.0,1254957
MOV1646,Project 646,2022,Comedy,Thriller,93,James Cameron,56.79,39.44,8.5,79.0,2031529
MOV1647,Project 647,2009,Crime,Comedy,92,Martin Scorsese,8.14,52.46,8.5,94.0,2446026
MOV1648,Project 648,2005,Horror,Adventure,83,Martin Scorsese,31.37,76.81,8.4,89.0,846779
MOV1649,Project 649,2023,Thriller,Sci-Fi,105,Ava DuVernay,30.11,153.84,7.9,79.0,1690578
MOV1650,Project 650,1991,Action,Animation,101,Ridley Scott,104.71,244.01,7.6,80.0,513353
MOV1651,Project 651,2024,Crime,Thriller,90,Guillermo del Toro,8.76,28.7,9.1,95.0,5640198
MOV1652,Project 652,2017,Crime,Thriller,155,Greta Gerwig,21.46,50.2,8.6,78.0,917158
MOV1653,Project 653,1995,Thriller,Animation,126,Denis Villeneuve,9.23,60.91,8.5,95.0,764218
MOV1654,Project 654,1998,Crime,Action,123,Indie Director,135.33,224.39,8.4,88.0,1673211
MOV1655,Project 655,2009,Romance,Horror,147,Ava DuVernay,46.16,207.23,7.5,73.0,549777
MOV1656,Project 656,1990,Romance,Comedy,120,Christopher Nolan,20.39,107.86,8.4,85.0,657937
MOV1657,Project 657,1997,Animation,Comedy,100,Ava DuVernay,30.31,23.41,8.3,93.0,2435011
MOV1658,Project 658,2012,Animation,Action,81,Christopher Nolan,275.99,309.09,8.0,73.0,1184848
MOV1659,Project 659,1992,Romance,Horror,99,Quentin Tarantino,15.56,66.91,9.5,89.0,6984512
MOV1660,Project 660,1993,Drama,Comedy,145,Steven Spielberg,10.27,22.98,7.0,74.0,113575
MOV1661,Project 661,2014,Horror,Sci-Fi,90,Indie Director,,49.63,6.2,81.0,242517
MOV1662,Project 662,2004,Comedy,Drama,122,James Cameron,105.74,193.02,8.4,96.0,1351558
MOV1663,Project 663,2010,Horror,Drama,136,Steven Spielberg,5.06,11.72,8.9,79.0,3468544
MOV1664,Project 664,2024,Adventure,Comedy,121,Ava DuVernay,33.56,104.28,7.4,71.0,946745
MOV1665,Project 665,2003,Crime,Romance,123,Steven Spielberg,116.51,372.76,8.7,77.0,1830604
MOV1666,Project 666,2001,Action,Comedy,128,Greta Gerwig,25.64,102.76,7.4,69.0,362961
MOV1667,Project 667,2006,Crime,Animation,123,Quentin Tarantino,9.81,63.52,8.4,80.0,1949641
MOV1668,Project 668,1998,Horror,Animation,147,Guillermo del Toro,17.67,11.79,8.9,87.0,4871793
MOV1669,Project 669,2024,Romance,Horror,94,Quentin Tarantino,54.48,158.02,8.6,82.0,2751674
MOV1670,Project 670,2002,Thriller,Crime,120,Denis Villeneuve,34.18,172.11,7.7,67.0,1121014
MOV1671,Project 671,2004,Adventure,Thriller,79,Greta Gerwig,350.0,1214.64,8.8,99.0,2630793
MOV1672,Project 672,2007,Romance,Sci-Fi,75,Indie Director,33.42,99.38,7.2,78.0,343892
MOV1673,Project 673,2022,Horror,Action,113,Steven Spielberg,6.15,53.67,9.0,98.0,5227831
MOV1674,Project 674,1995,Thriller,Comedy,126,Indie Director,227.22,454.45,7.3,76.0,351082
MOV1675,Project 675,2016,Action,Crime,148,Guillermo del Toro,62.65,125.36,9.4,91.0,6121456
MOV1676,Project 676,2012,Horror,Crime,163,Steven Spielberg,10.08,70.72,8.6,88.0,2811238
MOV1677,Project 677,2016,Comedy,Sci-Fi,141,Ridley Scott,33.57,73.02,8.3,87.0,2676708
MOV1678,Project 678,2023,Sci-Fi,Action,130,Ridley Scott,48.54,223.9,7.7,78.0,712897
MOV1679,Project 679,2003,Thriller,Animation,118,Martin Scorsese,,19.19,8.5,61.0,3181933
MOV1680,Project 680,1997,Horror,Adventure,84,Quentin Tarantino,5.02,21.81,7.5,65.0,986692
MOV1681,Project 681,2024,Romance,Sci-Fi,112,Guillermo del Toro,19.93,108.28,8.6,87.0,2594467
MOV1682,Project 682,2008,Comedy,Crime,141,Ridley Scott,68.46,291.43,8.1,,2081576
MOV1683,Project 683,2019,Drama,Drama,133,Martin Scorsese,30.48,140.49,8.3,71.0,554323
MOV1684,Project 684,2003,Thriller,Comedy,89,Greta Gerwig,326.3,413.06,7.3,77.0,912463
MOV1685,Project 685,2009,Comedy,Horror,127,Indie Director,16.83,47.83,7.6,83.0,392064
MOV1686,Project 686,2014,Romance,Drama,126,Guillermo del Toro,13.23,26.87,8.5,87.0,670964
MOV1687,Project 687,2013,Horror,Crime,122,Martin Scorsese,7.61,0.05,8.5,83.0,1344404
MOV1688,Project 688,2003,Crime,Thriller,114,James Cameron,12.17,24.16,8.7,71.0,2178713
MOV1689,Project 689,2015,Action,Romance,128,Indie Director,41.93,64.62,6.6,57.0,425306
MOV1690,Project 690,2012,Crime,Action,129,Guillermo del Toro,67.97,196.99,7.2,84.0,760128
MOV1691,Project 691,2011,Sci-Fi,Animation,102,Ava DuVernay,288.43,397.97,6.9,66.0,570151
MOV1692,Project 692,2008,Comedy,Comedy,124,Indie Director,134.23,112.81,5.9,63.0,153328
MOV1693,Project 693,1992,Sci-Fi,Horror,111,Martin Scorsese,36.72,90.96,8.9,90.0,4169536
MOV1694,Project 694,2008,Action,Adventure,85,Steven Spielberg,239.42,658.94,8.5,74.0,2419409
MOV1695,Project 695,1998,Comedy,Animation,104,Ava DuVernay,18.93,50.37,8.9,99.0,5035882
MOV1696,Project 696,2017,Animation,Comedy,84,James Cameron,16.97,32.54,8.2,87.0,1180216
MOV1697,Project 697,2009,Romance,Adventure,135,Ridley Scott,56.01,137.72,8.7,90.0,2320997
MOV1698,Project 698,1996,Comedy,Horror,122,Christopher Nolan,40.38,100.4,9.3,83.0,5289441
MOV1699,Project 699,2003,Romance,Crime,108,Martin Scorsese,9.5,31.36,8.1,78.0,1644379
MOV1700,Project 700,1998,Crime,Romance,143,Greta Gerwig,27.47,63.1,9.8,95.0,6821102
MOV1701,Project 701,2008,Adventure,Drama,116,Martin Scorsese,40.56,74.49,9.4,98.0,8843205
MOV1702,Project 702,2003,Thriller,Drama,86,Christopher Nolan,65.07,201.15,8.2,72.0,2138612
MOV1703,Project 703,2006,Adventure,Crime,106,James Cameron,68.43,213.32,7.9,78.0,388803
MOV1704,Project 704,2019,Horror,Animation,148,James Cameron,73.03,81.37,7.8,84.0,1522206
MOV1705,Project 705,1998,Thriller,Crime,102,Ava DuVernay,7.53,33.63,7.8,78.0,1065112
MOV1706,Project 706,2022,Thriller,Crime,121,Guillermo del Toro,24.73,35.1,8.2,84.0,2057559
MOV1707,Project 707,2014,Drama,Comedy,130,Greta Gerwig,24.73,137.58,9.3,83.0,2014470
MOV1708,Project 708,2003,Thriller,Comedy,127,Ava DuVernay,36.47,99.98,8.4,86.0,1047478
MOV1709,Project 709,2000,Action,Horror,164,Greta Gerwig,46.77,89.16,8.0,78.0,1717017
MOV1710,Project 710,2024,Adventure,Romance,91,Greta Gerwig,142.18,605.42,7.1,60.0,497005
MOV1711,Project 711,2003,Crime,Comedy,93,Christopher Nolan,88.1,381.43,9.3,84.0,6768728
MOV1712,Project 712,2019,Romance,Horror,92,Ava DuVernay,74.81,253.11,7.6,76.0,1107262
MOV1713,Project 713,1993,Horror,Thriller,109,Greta Gerwig,29.53,72.45,7.9,73.0,935187
MOV1714,Project 714,1993,Thriller,Crime,137,Denis Villeneuve,90.54,204.81,8.9,90.0,2738391
MOV1715,Project 715,2017,Horror,Crime,94,Christopher Nolan,17.0,69.7,9.8,99.0,5610584
MOV1716,Project 716,1997,Crime,Animation,137,Indie Director,74.92,235.73,7.3,66.0,296996
MOV1717,Project 717,1991,Horror,Thriller,116,James Cameron,10.43,73.88,9.8,90.0,7958233
MOV1718,Project 718,2011,Crime,Animation,93,Christopher Nolan,25.33,105.73,8.4,74.0,997071
MOV1719,Project 719,2005,Thriller,Adventure,80,Indie Director,22.15,56.28,6.7,68.0,222705
MOV1720,Project 720,2018,Crime,Horror,84,Steven Spielberg,30.2,118.59,9.1,89.0,1250750
MOV1721,Project 721,2019,Thriller,Horror,102,Steven Spielberg,20.13,37.03,9.0,97.0,2357172
MOV1722,Project 722,2001,Drama,Crime,112,Greta Gerwig,102.8,252.25,7.4,76.0,749389
MOV1723,Project 723,2024,Drama,Sci-Fi,142,Ava DuVernay,16.26,14.78,7.5,66.0,730486
MOV1724,Project 724,2000,Crime,Adventure,131,James Cameron,9.13,47.93,7.8,83.0,615579
MOV1725,Project 725,2010,Drama,Horror,98,Christopher Nolan,27.45,62.36,8.4,88.0,2028452
MOV1726,Project 726,2010,Romance,Comedy,123,Ava DuVernay,6.47,0.05,6.3,62.0,220946
MOV1727,Project 727,1994,Romance,Crime,148,Christopher Nolan,7.93,0.05,8.8,91.0,2992904
MOV1728,Project 728,2009,Drama,Animation,152,Christopher Nolan,12.43,20.04,8.6,,2133551
MOV1729,Project 729,1992,Drama,Thriller,109,Denis Villeneuve,23.73,92.11,8.8,89.0,2223948
MOV1730,Project 730,2022,Animation,Animation,134,Steven Spielberg,61.78,181.08,9.3,95.0,4453545
MOV1731,Project 731,1998,Animation,Drama,143,Christopher Nolan,165.79,478.41,9.0,92.0,2554357
MOV1732,Project 732,1998,Thriller,Sci-Fi,85,Denis Villeneuve,65.53,125.28,8.3,80.0,1345135
MOV1733,Project 733,1993,Crime,Horror,105,Steven Spielberg,27.23,145.39,8.3,80.0,2644540
MOV1734,Project 734,2024,Sci-Fi,Romance,159,Denis Villeneuve,53.72,235.57,8.7,74.0,3579474
MOV1735,Project 735,2006,Sci-Fi,Action,109,Ava DuVernay,50.66,159.43,7.9,91.0,1440013
MOV1736,Project 736,2023,Drama,Sci-Fi,75,Guillermo del Toro,49.62,124.95,7.7,69.0,738884
MOV1737,Project 737,2013,Horror,Crime,113,Steven Spielberg,5.8,10.2,8.8,99.0,4468561
MOV1738,Project 738,2021,Drama,Horror,137,Indie Director,,1.25,6.9,64.0,309324
MOV1739,Project 739,1990,Animation,Thriller,115,Ridley Scott,163.74,571.39,8.4,79.0,1242115
MOV1740,Project 740,1997,Thriller,Horror,129,Guillermo del Toro,34.18,138.48,8.1,81.0,390581
MOV1741,Project 741,2012,Drama,Action,134,Ava DuVernay,,16.67,8.2,88.0,2041614
MOV1742,Project 742,2001,Adventure,Thriller,108,Christopher Nolan,33.21,127.97,8.4,68.0,894320
MOV1743,Project 743,2001,Horror,Animation,105,James Cameron,45.44,106.74,9.0,79.0,5179737
MOV1744,Project 744,2004,Adventure,Thriller,118,Ava DuVernay,211.07,555.73,8.2,83.0,660578
MOV1745,Project 745,2008,Thriller,Sci-Fi,119,Denis Villeneuve,60.67,61.45,8.1,84.0,1140317
MOV1746,Project 746,2015,Thriller,Animation,116,Denis Villeneuve,34.62,83.11,8.4,96.0,2328255
MOV1747,Project 747,2018,Romance,Horror,117,Denis Villeneuve,23.37,58.12,9.3,81.0,2080653
MOV1748,Project 748,2011,Comedy,Crime,100,Denis Villeneuve,134.45,414.04,8.7,90.0,3644784
MOV1749,Project 749,2010,Adventure,Adventure,130,Ava DuVernay,350.0,669.48,6.8,62.0,482920
MOV1750,Project 750,2009,Romance,Crime,127,James Cameron,11.06,33.61,8.8,76.0,2735910
MOV1751,Project 751,2018,Animation,Horror,88,Martin Scorsese,171.66,686.56,8.5,82.0,1075941
MOV1752,Project 752,1993,Action,Action,107,Denis Villeneuve,29.17,36.31,8.6,80.0,3546195
MOV1753,Project 753,1996,Horror,Adventure,117,Martin Scorsese,8.6,27.34,8.2,92.0,1709442
MOV1754,Project 754,2017,Action,Horror,104,James Cameron,129.0,99.09,7.8,71.0,548876
MOV1755,Project 755,2017,Crime,Romance,128,James Cameron,25.77,30.17,9.4,86.0,6265555
MOV1756,Project 756,1993,Animation,Sci-Fi,114,Guillermo del Toro,273.16,1020.31,9.2,99.0,4703968
MOV1757,Project 757,2011,Animation,Romance,118,Steven Spielberg,14.32,45.72,7.6,87.0,580478
MOV1758,Project 758,2001,Action,Animation,107,Ridley Scott,83.81,210.84,7.6,78.0,657678
MOV1759,Project 759,1992,Adventure,Drama,75,Greta Gerwig,268.28,760.26,8.5,72.0,728278
MOV1760,Project 760,2011,Comedy,Horror,75,Ridley Scott,87.06,415.48,7.3,70.0,672890
MOV1761,Project 761,1991,Adventure,Comedy,127,Ava DuVernay,22.87,57.7,8.0,76.0,1796832
MOV1762,Project 762,2013,Action,Comedy,120,Greta Gerwig,,113.84,7.7,73.0,1257745
MOV1763,Project 763,2023,Crime,Thriller,124,James Cameron,43.61,127.31,9.3,96.0,3989606
MOV1764,Project 764,2016,Adventure,Crime,118,Indie Director,23.23,76.72,6.5,68.0,98927
MOV1765,Project 765,1990,Sci-Fi,Crime,119,Ridley Scott,350.0,1175.2,8.3,80.0,2702430
MOV1766,Project 766,1997,Adventure,Crime,134,Quentin Tarantino,263.53,1039.57,8.7,94.0,2844565
MOV1767,Project 767,2012,Thriller,Romance,124,Steven Spielberg,13.22,33.47,8.9,66.0,4508521
MOV1768,Project 768,1995,Romance,Sci-Fi,136,Ridley Scott,8.23,41.7,7.2,72.0,514721
MOV1769,Project 769,2011,Horror,Horror,118,Steven Spielberg,6.34,42.36,8.8,96.0,3226578
MOV1770,Project 770,2014,Adventure,Action,109,Martin Scorsese,257.19,953.41,9.1,86.0,5950008
MOV1771,Project 771,2007,Comedy,Thriller,119,Ava DuVernay,12.53,23.63,8.5,77.0,586236
MOV1772,Project 772,2006,Comedy,Animation,98,Steven Spielberg,23.84,85.28,8.5,71.0,825137
MOV1773,Project 773,2001,Adventure,Adventure,107,Martin Scorsese,67.55,70.49,9.3,94.0,5871347
MOV1774,Project 774,1995,Drama,Animation,119,Denis Villeneuve,32.41,125.44,8.9,85.0,4885557
MOV1775,Project 775,2015,Animation,Horror,118,Martin Scorsese,12.44,76.67,9.1,88.0,3416158
MOV1776,Project 776,2016,Adventure,Drama,113,Ava DuVernay,32.0,116.09,9.0,82.0,5345307
MOV1777,Project 777,1997,Animation,Crime,87,Guillermo del Toro,273.08,318.14,8.3,73.0,957572
MOV1778,Project 778,2008,Sci-Fi,Adventure,128,Indie Director,291.85,1157.58,8.4,79.0,1420105
MOV1779,Project 779,1990,Action,Romance,132,Denis Villeneuve,172.2,256.15,9.6,90.0,3918901
MOV1780,Project 780,2018,Sci-Fi,Horror,148,James Cameron,7.35,0.05,9.1,94.0,1474991
MOV1781,Project 781,2024,Adventure,Drama,124,Christopher Nolan,46.58,107.31,7.6,78.0,1205911
MOV1782,Project 782,2003,Comedy,Romance,115,Martin Scorsese,39.61,149.81,9.0,77.0,4054396
MOV1783,Project 783,2024,Drama,Drama,95,Martin Scorsese,14.66,87.42,8.3,80.0,2736524
MOV1784,Project 784,2009,Crime,Crime,145,Steven Spielberg,101.13,344.96,9.8,95.0,6636094
MOV1785,Project 785,2002,Animation,Romance,120,James Cameron,105.48,405.59,8.3,77.0,1290062
MOV1786,Project 786,1997,Romance,Sci-Fi,119,Ridley Scott,6.87,23.19,7.7,84.0,1371574
MOV1787,Project 787,2009,Animation,Comedy,110,Quentin Tarantino,244.7,1101.12,9.5,99.0,7164859
MOV1788,Project 788,2022,Thriller,Animation,109,Greta Gerwig,147.4,317.34,8.9,91.0,3964164
MOV1789,Project 789,2015,Horror,Sci-Fi,129,Martin Scorsese,6.21,24.64,8.1,75.0,438587
MOV1790,Project 790,2010,Adventure,Adventure,95,Indie Director,84.81,77.54,6.5,66.0,116020
MOV1791,Project 791,1998,Sci-Fi,Thriller,148,Ridley Scott,48.38,54.63,8.2,76.0,2371743
MOV1792,Project 792,2013,Romance,Comedy,143,Quentin Tarantino,17.47,93.24,8.9,78.0,2140706
MOV1793,Project 793,2006,Comedy,Sci-Fi,108,Greta Gerwig,11.93,67.88,9.0,86.0,2297608
MOV1794,Project 794,2013,Comedy,Horror,98,Christopher Nolan,35.2,157.88,7.6,67.0,327522
MOV1795,Project 795,2010,Comedy,Drama,75,Indie Director,115.94,138.69,6.4,72.0,328004
MOV1796,Project 796,2002,Crime,Adventure,90,Steven Spielberg,32.97,25.85,8.7,99.0,1454857
MOV1797,Project 797,2000,Thriller,Horror,130,Ridley Scott,8.89,35.84,7.2,66.0,311461
MOV1798,Project 798,2008,Comedy,Comedy,121,Steven Spielberg,38.87,219.24,8.3,80.0,1775085
MOV1799,Project 799,2000,Comedy,Drama,125,Greta Gerwig,19.55,70.58,7.3,75.0,251158
MOV1800,Project 800,2002,Adventure,Adventure,78,Guillermo del Toro,208.43,283.39,7.8,62.0,864303
MOV1801,Project 801,1990,Thriller,Thriller,107,Martin Scorsese,30.67,133.68,9.2,83.0,5675082
MOV1802,Project 802,2008,Drama,Comedy,142,Denis Villeneuve,11.43,27.25,7.9,82.0,305470
MOV1803,Project 803,2001,Drama,Adventure,113,Quentin Tarantino,11.36,34.51,8.6,82.0,3006004
MOV1804,Project 804,1997,Thriller,Sci-Fi,90,Indie Director,70.89,86.86,6.3,66.0,283670
MOV1805,Project 805,1997,Horror,Adventure,113,James Cameron,9.63,20.97,9.4,90.0,5920663
MOV1806,Project 806,2001,Crime,Comedy,100,Ava DuVernay,63.31,69.38,6.8,62.0,525822
MOV1807,Project 807,2022,Romance,Crime,122,Martin Scorsese,10.76,31.15,8.0,70.0,1754686
MOV1808,Project 808,2015,Animation,Sci-Fi,115,Denis Villeneuve,43.81,150.23,9.2,99.0,5380070
MOV1809,Project 809,2017,Adventure,Horror,126,Ava DuVernay,70.77,131.55,6.8,66.0,451129
MOV1810,Project 810,1994,Action,Comedy,91,Ridley Scott,320.5,1285.6,7.3,60.0,255401
MOV1811,Project 811,1997,Drama,Crime,106,Indie Director,85.53,63.73,6.4,66.0,163636
MOV1812,Project 812,2014,Thriller,Action,137,Ava DuVernay,,11.93,7.5,71.0,421550
MOV1813,Project 813,2016,Romance,Thriller,88,Christopher Nolan,16.09,44.45,9.8,99.0,11491460
MOV1814,Project 814,2012,Thriller,Crime,95,Martin Scorsese,12.28,76.61,8.3,80.0,2348334
MOV1815,Project 815,2019,Animation,Action,119,Steven Spielberg,76.33,308.53,8.0,79.0,604945
MOV1816,Project 816,2012,Romance,Animation,121,Guillermo del Toro,20.43,86.35,7.7,77.0,874252
MOV1817,Project 817,2009,Drama,Drama,105,James Cameron,74.31,261.09,8.6,93.0,941281
MOV1818,Project 818,2007,Comedy,Crime,109,Steven Spielberg,98.08,334.34,8.8,85.0,4321507
MOV1819,Project 819,2007,Thriller,Romance,126,Denis Villeneuve,26.77,67.15,8.7,96.0,2621998
MOV1820,Project 820,1991,Action,Thriller,132,Martin Scorsese,79.44,282.72,8.7,89.0,1007571
MOV1821,Project 821,1993,Drama,Crime,94,Guillermo del Toro,72.97,226.88,8.3,69.0,2738216
MOV1822,Project 822,2019,Sci-Fi,Action,122,Ava DuVernay,202.23,609.76,7.3,83.0,641160
MOV1823,Project 823,2022,Action,Romance,145,Martin Scorsese,5.4,40.64,8.7,84.0,1324387
MOV1824,Project 824,2007,Horror,Thriller,113,Ava DuVernay,10.79,0.05,7.3,82.0,671693
MOV1825,Project 825,2008,Crime,Romance,93,Ridley Scott,26.91,26.02,6.4,66.0,76195
MOV1826,Project 826,2017,Drama,Sci-Fi,92,Christopher Nolan,12.83,6.74,9.2,99.0,5598570
MOV1827,Project 827,2009,Comedy,Action,112,Greta Gerwig,12.79,55.02,8.6,75.0,2021275
MOV1828,Project 828,2022,Drama,Adventure,136,Martin Scorsese,6.16,48.48,9.0,86.0,5097333
MOV1829,Project 829,2001,Animation,Sci-Fi,114,Denis Villeneuve,108.11,483.5,8.5,84.0,1425924
MOV1830,Project 830,2004,Romance,Thriller,119,Ava DuVernay,12.61,40.82,7.3,87.0,213091
MOV1831,Project 831,1991,Thriller,Thriller,95,Steven Spielberg,7.42,0.05,8.1,74.0,1837015
MOV1832,Project 832,2018,Romance,Comedy,135,Ridley Scott,11.57,49.37,7.9,75.0,1670944
MOV1833,Project 833,1999,Romance,Action,92,Denis Villeneuve,45.48,102.22,8.2,89.0,1548275
MOV1834,Project 834,1991,Drama,Animation,105,James Cameron,62.21,257.55,8.8,88.0,2843040
MOV1835,Project 835,2000,Animation,Animation,128,Greta Gerwig,70.98,118.15,8.0,88.0,1240802
MOV1836,Project 836,2002,Thriller,Thriller,75,Ridley Scott,29.21,53.55,7.5,68.0,282274
MOV1837,Project 837,1999,Thriller,Animation,118,Christopher Nolan,176.45,506.28,8.5,83.0,1029526
MOV1838,Project 838,2003,Romance,Drama,94,Greta Gerwig,10.6,19.02,8.8,85.0,1366845
MOV1839,Project 839,2007,Horror,Comedy,115,Indie Director,8.64,9.5,6.8,55.0,262171
MOV1840,Project 840,1998,Crime,Thriller,108,Ava DuVernay,18.8,24.94,8.1,86.0,2108000
MOV1841,Project 841,2017,Animation,Animation,157,Indie Director,23.97,3.41,8.0,81.0,733630
MOV1842,Project 842,1992,Horror,Action,107,Denis Villeneuve,12.16,82.13,9.4,92.0,5020648
MOV1843,Project 843,2009,Adventure,Crime,152,James Cameron,258.81,1010.22,9.4,88.0,3177231
MOV1844,Project 844,1995,Adventure,Adventure,127,Quentin Tarantino,105.32,443.82,9.0,75.0,5256221
MOV1845,Project 845,2016,Action,Sci-Fi,99,Christopher Nolan,63.4,65.43,9.0,76.0,4729056
MOV1846,Project 846,1991,Romance,Sci-Fi,122,Indie Director,73.11,94.46,8.5,85.0,2751127
MOV1847,Project 847,2018,Thriller,Drama,109,Guillermo del Toro,7.24,31.79,8.6,87.0,1406371
MOV1848,Project 848,1992,Drama,Romance,120,Ava DuVernay,12.08,0.05,8.3,93.0,2409449
MOV1849,Project 849,2005,Thriller,Action,101,Quentin Tarantino,42.55,40.44,9.8,94.0,7159760
MOV1850,Project 850,2019,Thriller,Romance,149,Martin Scorsese,48.02,122.22,8.5,90.0,2729609
MOV1851,Project 851,1991,Comedy,Comedy,134,James Cameron,6.41,25.29,9.3,97.0,2244695
MOV1852,Project 852,2006,Thriller,Adventure,116,Steven Spielberg,28.22,150.58,8.6,93.0,3627940
MOV1853,Project 853,2001,Action,Comedy,150,Guillermo del Toro,120.21,524.32,7.4,70.0,911614
MOV1854,Project 854,2024,Horror,Thriller,116,Denis Villeneuve,22.96,79.19,7.2,70.0,267854
MOV1855,Project 855,1990,Adventure,Action,137,James Cameron,111.73,408.25,8.5,80.0,2244897
MOV1856,Project 856,2004,Thriller,Thriller,116,Greta Gerwig,22.39,36.08,8.3,79.0,1908906
MOV1857,Project 857,2015,Thriller,Horror,123,Ridley Scott,9.42,58.99,9.0,85.0,2356909
MOV1858,Project 858,2010,Comedy,Animation,113,Greta Gerwig,24.5,81.68,7.9,82.0,560456
MOV1859,Project 859,2020,Animation,Sci-Fi,117,Indie Director,18.78,80.36,7.2,66.0,417487
MOV1860,Project 860,2014,Drama,Crime,118,Greta Gerwig,,357.7,9.0,98.0,3121857
MOV1861,Project 861,2012,Animation,Thriller,102,Martin Scorsese,69.47,245.23,8.7,86.0,1674676
MOV1862,Project 862,2013,Drama,Romance,107,Indie Director,16.45,47.5,6.4,69.0,156654
MOV1863,Project 863,2017,Crime,Horror,111,Christopher Nolan,63.15,265.79,9.8,96.0,6337177
MOV1864,Project 864,2010,Thriller,Sci-Fi,120,Steven Spielberg,36.01,161.86,8.8,99.0,3252442
MOV1865,Project 865,2007,Comedy,Thriller,114,Guillermo del Toro,17.99,8.24,7.4,83.0,269213
MOV1866,Project 866,2024,Sci-Fi,Horror,138,Christopher Nolan,205.54,622.02,9.0,90.0,4335779
MOV1867,Project 867,1998,Romance,Horror,132,James Cameron,55.46,155.51,8.6,82.0,732494
MOV1868,Project 868,2019,Adventure,Action,111,Greta Gerwig,122.37,317.88,7.4,67.0,682473
MOV1869,Project 869,2023,Horror,Comedy,143,Martin Scorsese,5.72,2.05,8.6,92.0,1850997
MOV1870,Project 870,2021,Adventure,Horror,152,Indie Director,92.72,165.09,8.9,76.0,4735207
MOV1871,Project 871,1992,Horror,Drama,75,James Cameron,26.61,93.63,8.3,81.0,1303576
MOV1872,Project 872,1992,Crime,Comedy,134,Ridley Scott,10.87,22.31,8.0,79.0,792662
MOV1873,Project 873,2017,Animation,Sci-Fi,101,Steven Spielberg,30.96,96.1,8.6,93.0,875029
MOV1874,Project 874,2004,Action,Sci-Fi,131,Guillermo del Toro,240.54,665.04,9.4,97.0,6137147
MOV1875,Project 875,2012,Thriller,Sci-Fi,140,Ridley Scott,5.91,31.02,6.8,63.0,445578
MOV1876,Project 876,2000,Sci-Fi,Sci-Fi,97,Indie Director,172.67,247.27,6.7,61.0,131159
MOV1877,Project 877,2021,Horror,Drama,78,Martin Scorsese,14.63,50.97,7.1,73.0,503432
MOV1878,Project 878,2022,Romance,Thriller,132,Steven Spielberg,19.8,80.51,8.8,99.0,2763613
MOV1879,Project 879,2013,Horror,Adventure,118,James Cameron,5.11,25.32,7.6,87.0,294038
MOV1880,Project 880,2023,Action,Horror,82,Greta Gerwig,193.26,469.72,8.2,80.0,1550631
MOV1881,Project 881,2017,Adventure,Sci-Fi,166,Greta Gerwig,51.83,209.26,9.1,89.0,1731517
MOV1882,Project 882,1996,Comedy,Comedy,127,Ava DuVernay,32.24,72.61,6.8,69.0,236467
MOV1883,Project 883,1993,Adventure,Comedy,128,Greta Gerwig,123.76,547.71,8.3,,2002158
MOV1884,Project 884,1990,Crime,Horror,142,Quentin Tarantino,,159.69,9.6,99.0,4960369
MOV1885,Project 885,1990,Comedy,Thriller,103,Greta Gerwig,114.31,492.9,9.3,99.0,8190111
MOV1886,Project 886,2009,Adventure,Crime,118,Quentin Tarantino,84.58,74.2,8.5,95.0,688176
MOV1887,Project 887,2008,Romance,Crime,89,Denis Villeneuve,17.76,0.05,9.1,82.0,6251833
MOV1888,Project 888,2018,Adventure,Adventure,103,Quentin Tarantino,327.63,698.41,9.8,99.0,10470637
MOV1889,Project 889,1999,Romance,Thriller,123,Steven Spielberg,30.69,98.16,8.3,69.0,954922
MOV1890,Project 890,2007,Romance,Horror,82,Ridley Scott,13.85,43.72,7.1,78.0,173415
MOV1891,Project 891,2017,Comedy,Crime,102,Steven Spielberg,9.73,26.46,8.3,69.0,2741621
MOV1892,Project 892,2024,Animation,Crime,96,Ridley Scott,189.87,832.41,8.0,78.0,490384
MOV1893,Project 893,2020,Drama,Crime,118,Ava DuVernay,18.49,59.88,8.0,85.0,903089
MOV1894,Project 894,2016,Thriller,Romance,126,Denis Villeneuve,53.61,107.3,8.7,87.0,1333961
MOV1895,Project 895,2000,Horror,Drama,130,Ridley Scott,14.55,86.56,8.2,91.0,1139202
MOV1896,Project 896,1994,Drama,Horror,135,Ridley Scott,11.65,0.17,7.2,69.0,143301
MOV1897,Project 897,1997,Action,Animation,142,Martin Scorsese,106.26,484.11,9.1,80.0,1892865
MOV1898,Project 898,2023,Animation,Action,127,Christopher Nolan,11.26,44.72,9.0,91.0,5540964
MOV1899,Project 899,2001,Drama,Action,153,Christopher Nolan,21.0,78.72,9.5,94.0,9347677
MOV1900,Project 900,1990,Comedy,Thriller,117,Martin Scorsese,,40.19,8.9,77.0,4433356
MOV1901,Project 901,2020,Action,Horror,112,Greta Gerwig,68.01,113.39,8.6,82.0,1736701
MOV1902,Project 902,1993,Sci-Fi,Horror,127,Martin Scorsese,170.72,658.25,9.8,94.0,3174134
MOV1903,Project 903,1994,Animation,Action,111,Ridley Scott,,697.56,8.4,87.0,1165767
MOV1904,Project 904,2019,Drama,Adventure,152,Ridley Scott,49.25,44.09,6.9,74.0,170773
MOV1905,Project 905,2013,Action,Action,138,Martin Scorsese,9.35,23.28,9.7,98.0,8965258
MOV1906,Project 906,1992,Sci-Fi,Horror,130,Martin Scorsese,30.9,35.16,8.3,91.0,1110947
MOV1907,Project 907,2000,Adventure,Crime,118,Greta Gerwig,85.76,124.44,7.3,74.0,853755
MOV1908,Project 908,1993,Action,Adventure,107,Steven Spielberg,305.37,1277.14,9.8,83.0,8417844
MOV1909,Project 909,2015,Comedy,Sci-Fi,129,Denis Villeneuve,68.05,26.24,6.7,71.0,379329
MOV1910,Project 910,2016,Adventure,Animation,92,James Cameron,199.1,325.26,8.6,87.0,2770812
MOV1911,Project 911,2016,Comedy,Romance,146,Ridley Scott,17.64,47.22,8.1,81.0,1481361
MOV1912,Project 912,1995,Drama,Drama,111,Denis Villeneuve,21.83,44.9,7.7,90.0,728814
MOV1913,Project 913,2004,Thriller,Sci-Fi,121,Martin Scorsese,33.63,164.71,8.5,96.0,985405
MOV1914,Project 914,2019,Drama,Comedy,97,Greta Gerwig,10.14,28.91,8.3,86.0,808486
MOV1915,Project 915,2024,Adventure,Action,129,Quentin Tarantino,8.31,34.31,9.8,85.0,7913474
MOV1916,Project 916,2012,Romance,Animation,106,Greta Gerwig,78.39,254.88,8.8,95.0,1807772
MOV1917,Project 917,1995,Drama,Action,128,Guillermo del Toro,13.26,46.47,8.0,85.0,632737
MOV1918,Project 918,1993,Adventure,Action,130,Guillermo del Toro,33.81,107.33,7.8,79.0,427443
MOV1919,Project 919,2007,Action,Sci-Fi,102,Denis Villeneuve,14.58,71.11,8.4,89.0,2304767
MOV1920,Project 920,1998,Crime,Crime,93,Christopher Nolan,110.53,394.75,8.9,,1902960
MOV1921,Project 921,2018,Drama,Crime,146,Guillermo del Toro,31.01,7.54,6.8,62.0,164915
MOV1922,Project 922,2002,Action,Romance,111,Guillermo del Toro,125.97,187.23,9.0,87.0,3743574
MOV1923,Project 923,2006,Comedy,Adventure,119,Steven Spielberg,89.9,315.6,9.7,99.0,5298114
MOV1924,Project 924,2021,Animation,Action,125,Quentin Tarantino,47.41,89.03,8.0,69.0,782980
MOV1925,Project 925,2011,Thriller,Thriller,90,Steven Spielberg,48.72,57.07,8.3,79.0,2165880
MOV1926,Project 926,1993,Comedy,Crime,124,Quentin Tarantino,6.39,28.57,7.6,70.0,1072869
MOV1927,Project 927,1994,Comedy,Horror,117,Ava DuVernay,12.24,0.67,7.2,84.0,188615
MOV1928,Project 928,2002,Adventure,Animation,102,James Cameron,191.83,761.14,8.7,78.0,2062429
MOV1929,Project 929,2023,Romance,Thriller,92,Ridley Scott,41.39,210.97,7.6,87.0,382073
MOV1930,Project 930,2011,Horror,Sci-Fi,127,Guillermo del Toro,11.48,41.98,8.0,79.0,1037111
MOV1931,Project 931,2012,Crime,Sci-Fi,138,Ridley Scott,23.92,105.26,7.7,75.0,1011337
MOV1932,Project 932,1992,Romance,Romance,119,Guillermo del Toro,24.07,55.02,8.1,84.0,725546
MOV1933,Project 933,2023,Adventure,Romance,86,Steven Spielberg,5.03,21.95,7.8,92.0,465103
MOV1934,Project 934,2021,Thriller,Adventure,94,James Cameron,17.42,61.7,8.8,86.0,1114351
MOV1935,Project 935,2010,Crime,Horror,106,Steven Spielberg,14.34,27.58,8.8,89.0,1826338
MOV1936,Project 936,2010,Crime,Animation,146,Indie Director,16.53,49.45,6.7,69.0,272448
MOV1937,Project 937,2000,Adventure,Horror,110,Steven Spielberg,177.14,553.65,8.5,99.0,2337486
MOV1938,Project 938,1993,Sci-Fi,Comedy,106,Quentin Tarantino,44.37,149.68,9.0,97.0,4875971
MOV1939,Project 939,1990,Comedy,Romance,82,Christopher Nolan,,38.4,9.1,96.0,3257819
MOV1940,Project 940,2017,Animation,Adventure,102,Greta Gerwig,75.17,44.89,8.9,90.0,5210418
MOV1941,Project 941,2013,Sci-Fi,Drama,90,Denis Villeneuve,245.87,253.62,8.8,85.0,3176802
MOV1942,Project 942,2024,Adventure,Action,95,Ridley Scott,34.0,83.98,7.8,,1333582
MOV1943,Project 943,2002,Sci-Fi,Action,117,Ava DuVernay,14.82,71.47,7.7,70.0,496614
MOV1944,Project 944,2023,Animation,Drama,107,Guillermo del Toro,49.07,185.9,7.7,77.0,1289518
MOV1945,Project 945,2000,Adventure,Crime,149,Steven Spielberg,149.58,371.08,8.2,95.0,569005
MOV1946,Project 946,2006,Adventure,Horror,137,Christopher Nolan,89.0,249.17,8.0,65.0,1112496
MOV1947,Project 947,2024,Crime,Drama,103,Steven Spielberg,72.89,169.81,9.4,91.0,6217401
MOV1948,Project 948,2007,Sci-Fi,Adventure,97,James Cameron,,216.18,9.0,82.0,5527490
MOV1949,Project 949,2011,Action,Animation,143,Quentin Tarantino,178.07,200.09,8.9,99.0,1587587
MOV1950,Project 950,2013,Drama,Drama,148,Ava DuVernay,32.78,117.69,8.5,78.0,1606275
MOV1951,Project 951,2008,Adventure,Adventure,75,Greta Gerwig,76.39,290.03,8.2,96.0,1426265
MOV1952,Project 952,2010,Sci-Fi,Romance,117,James Cameron,9.91,40.4,8.4,88.0,1575794
MOV1953,Project 953,1997,Horror,Thriller,110,Martin Scorsese,67.33,256.11,8.4,74.0,2482542
MOV1954,Project 954,2017,Thriller,Sci-Fi,128,Ava DuVernay,26.76,55.74,7.5,76.0,568981
MOV1955,Project 955,1994,Horror,Sci-Fi,154,Steven Spielberg,7.48,10.43,8.3,89.0,1131933
MOV1956,Project 956,2006,Sci-Fi,Comedy,105,James Cameron,136.85,111.39,8.0,81.0,773268
MOV1957,Project 957,2008,Comedy,Horror,75,Greta Gerwig,16.71,82.22,9.0,98.0,3218005
MOV1958,Project 958,2016,Comedy,Animation,127,Christopher Nolan,35.85,123.12,8.6,83.0,872222
MOV1959,Project 959,2023,Sci-Fi,Thriller,143,Christopher Nolan,111.05,71.46,9.5,88.0,4636950
MOV1960,Project 960,2000,Crime,Thriller,109,Ridley Scott,28.6,94.67,8.5,91.0,2670090
MOV1961,Project 961,2001,Crime,Romance,101,Greta Gerwig,77.34,142.94,8.0,81.0,1196271
MOV1962,Project 962,2010,Adventure,Drama,106,Christopher Nolan,37.32,40.18,9.4,99.0,6123668
MOV1963,Project 963,2000,Animation,Horror,132,James Cameron,64.54,287.14,8.8,79.0,3687353
MOV1964,Project 964,2017,Drama,Action,106,Ridley Scott,28.15,84.11,8.0,79.0,1583135
MOV1965,Project 965,1994,Adventure,Thriller,122,Indie Director,119.4,208.61,6.8,66.0,168793
MOV1966,Project 966,2006,Horror,Adventure,116,Christopher Nolan,27.99,54.66,9.8,95.0,10353487
MOV1967,Project 967,2009,Drama,Action,113,Ava DuVernay,20.07,31.84,7.0,,150339
MOV1968,Project 968,2001,Horror,Comedy,129,Quentin Tarantino,20.58,8.53,9.3,93.0,7649650
MOV1969,Project 969,1995,Crime,Drama,105,Martin Scorsese,11.53,69.8,8.7,89.0,3623130
MOV1970,Project 970,2006,Sci-Fi,Drama,106,Greta Gerwig,328.74,563.41,9.4,85.0,6409661
MOV1971,Project 971,2008,Animation,Animation,131,James Cameron,53.3,121.81,8.3,88.0,999048
MOV1972,Project 972,2015,Horror,Thriller,95,Guillermo del Toro,24.61,113.66,8.2,,1421778
MOV1973,Project 973,2021,Crime,Romance,97,Steven Spielberg,5.82,26.12,8.1,78.0,695420
MOV1974,Project 974,1995,Animation,Crime,90,James Cameron,,59.07,8.3,86.0,1322641
MOV1975,Project 975,2000,Adventure,Crime,132,Christopher Nolan,75.1,152.97,9.2,82.0,2177618
MOV1976,Project 976,2022,Sci-Fi,Sci-Fi,113,James Cameron,257.7,776.5,9.8,99.0,9941935
MOV1977,Project 977,2013,Thriller,Adventure,89,Guillermo del Toro,38.71,92.42,7.8,68.0,1221487
MOV1978,Project 978,2012,Comedy,Action,132,Steven Spielberg,98.01,157.31,9.3,85.0,2621681
MOV1979,Project 979,2004,Romance,Comedy,104,Ridley Scott,21.53,63.78,7.8,80.0,1171384
MOV1980,Project 980,2016,Animation,Sci-Fi,98,Christopher Nolan,72.42,235.62,8.0,74.0,817213
MOV1981,Project 981,2000,Thriller,Drama,111,Denis Villeneuve,10.74,45.49,8.7,99.0,2198139
MOV1982,Project 982,2006,Thriller,Action,145,Christopher Nolan,78.03,171.36,9.2,92.0,5564624
MOV1983,Project 983,2003,Animation,Horror,107,Martin Scorsese,33.36,83.03,8.3,,1571786
MOV1984,Project 984,2016,Thriller,Thriller,127,Indie Director,108.44,315.62,7.7,75.0,241489
MOV1985,Project 985,2007,Horror,Comedy,130,Denis Villeneuve,41.26,185.9,8.6,76.0,2011916
MOV1986,Project 986,2017,Thriller,Horror,124,Martin Scorsese,134.16,379.27,8.9,80.0,5058386
MOV1987,Project 987,1993,Crime,Romance,140,Guillermo del Toro,,16.42,8.8,85.0,2301197
MOV1988,Project 988,1996,Drama,Thriller,101,Greta Gerwig,38.91,32.6,7.7,62.0,596894
MOV1989,Project 989,2024,Horror,Action,94,Steven Spielberg,27.61,72.73,8.9,94.0,1751253
MOV1990,Project 990,1998,Thriller,Thriller,94,Quentin Tarantino,11.32,18.16,8.3,81.0,1498924
MOV1991,Project 991,1997,Adventure,Sci-Fi,112,Ridley Scott,101.46,417.81,8.1,68.0,525621
MOV1992,Project 992,2006,Comedy,Animation,96,Quentin Tarantino,6.22,24.87,8.6,94.0,1714281
MOV1993,Project 993,2006,Sci-Fi,Sci-Fi,118,Ava DuVernay,87.59,260.87,8.3,77.0,1541230
MOV1994,Project 994,2022,Thriller,Romance,117,Ava DuVernay,12.57,0.05,6.9,73.0,356799
MOV1995,Project 995,2021,Action,Adventure,135,Guillermo del Toro,27.22,66.13,8.0,89.0,1301864
MOV1996,Project 996,1997,Comedy,Horror,121,Greta Gerwig,20.9,80.96,8.8,86.0,4631800
MOV1997,Project 997,2008,Adventure,Sci-Fi,107,Indie Director,64.47,192.97,8.4,89.0,1922466
MOV1998,Project 998,1992,Crime,Animation,123,Indie Director,44.04,61.99,6.6,89.0,111625
MOV1999,Project 999,1994,Thriller,Adventure,94,Ava DuVernay,8.48,12.16,7.4,79.0,988948
MOV2000,Project 1000,2002,Crime,Sci-Fi,114,Christopher Nolan,33.02,78.16,9.7,94.0,7466133
